-- phpMyAdmin SQL Dump
-- version 4.8.4
-- https://www.phpmyadmin.net/
--
-- Host: 127.0.0.1
-- Generation Time: 07-Ago-2019 às 01:11
-- Versão do servidor: 10.1.37-MariaDB
-- versão do PHP: 7.3.1

SET SQL_MODE = "NO_AUTO_VALUE_ON_ZERO";
SET AUTOCOMMIT = 0;
START TRANSACTION;
SET time_zone = "+00:00";


/*!40101 SET @OLD_CHARACTER_SET_CLIENT=@@CHARACTER_SET_CLIENT */;
/*!40101 SET @OLD_CHARACTER_SET_RESULTS=@@CHARACTER_SET_RESULTS */;
/*!40101 SET @OLD_COLLATION_CONNECTION=@@COLLATION_CONNECTION */;
/*!40101 SET NAMES utf8mb4 */;

--
-- Database: `bd_gtproject`
--
CREATE DATABASE IF NOT EXISTS `bd_gtproject` DEFAULT CHARACTER SET latin1 COLLATE latin1_swedish_ci;
USE `bd_gtproject`;

-- --------------------------------------------------------

--
-- Estrutura da tabela `tb_configuracoes`
--

CREATE TABLE `tb_configuracoes` (
  `idConfiguracoes` smallint(11) NOT NULL,
  `fkUsuario` smallint(11) NOT NULL,
  `tipoNotificacao` smallint(1) NOT NULL,
  `status` smallint(1) NOT NULL
) ENGINE=InnoDB DEFAULT CHARSET=latin1;

--
-- Extraindo dados da tabela `tb_configuracoes`
--

INSERT INTO `tb_configuracoes` (`idConfiguracoes`, `fkUsuario`, `tipoNotificacao`, `status`) VALUES
(1, 7, 1, 1),
(2, 7, 2, 1),
(3, 7, 3, 1),
(4, 7, 4, 1),
(5, 7, 5, 1),
(6, 7, 6, 1),
(7, 8, 1, 1),
(8, 8, 2, 1),
(9, 8, 3, 1),
(10, 8, 4, 1),
(11, 8, 5, 1),
(12, 8, 6, 0),
(13, 9, 1, 1),
(14, 9, 2, 1),
(15, 9, 3, 1),
(16, 9, 4, 1),
(17, 9, 5, 1),
(18, 9, 6, 0),
(19, 10, 1, 1),
(20, 10, 2, 1),
(21, 10, 3, 1),
(22, 10, 4, 1),
(23, 10, 5, 1),
(24, 10, 6, 0),
(25, 11, 1, 1),
(26, 11, 2, 1),
(27, 11, 3, 1),
(28, 11, 4, 1),
(29, 11, 5, 1),
(30, 11, 6, 0);

-- --------------------------------------------------------

--
-- Estrutura da tabela `tb_equipe`
--

CREATE TABLE `tb_equipe` (
  `idEquipe` smallint(11) NOT NULL,
  `nomeEquipe` varchar(250) NOT NULL,
  `imgEquipe` varchar(250) DEFAULT NULL,
  `dataCriacao` date NOT NULL,
  `fkUsuario` smallint(11) NOT NULL
) ENGINE=InnoDB DEFAULT CHARSET=latin1;

--
-- Extraindo dados da tabela `tb_equipe`
--

INSERT INTO `tb_equipe` (`idEquipe`, `nomeEquipe`, `imgEquipe`, `dataCriacao`, `fkUsuario`) VALUES
(19, 'Equipe Teste', '', '2019-04-17', 9),
(20, 'Minha Equipe', '', '2019-04-17', 7);

-- --------------------------------------------------------

--
-- Estrutura da tabela `tb_membro`
--

CREATE TABLE `tb_membro` (
  `idMembro` smallint(11) NOT NULL,
  `fkUsuario` smallint(11) NOT NULL,
  `fkEquipe` smallint(11) NOT NULL,
  `perfil` smallint(1) NOT NULL,
  `dataInclusao` date NOT NULL
) ENGINE=InnoDB DEFAULT CHARSET=latin1;

--
-- Extraindo dados da tabela `tb_membro`
--

INSERT INTO `tb_membro` (`idMembro`, `fkUsuario`, `fkEquipe`, `perfil`, `dataInclusao`) VALUES
(34, 9, 19, 1, '2019-04-17'),
(35, 7, 19, 0, '2019-04-17'),
(36, 7, 20, 1, '2019-04-17'),
(37, 9, 20, 0, '2019-04-17');

-- --------------------------------------------------------

--
-- Estrutura da tabela `tb_usuario`
--

CREATE TABLE `tb_usuario` (
  `idUsuario` smallint(11) NOT NULL,
  `nome` varchar(100) NOT NULL,
  `imgUsuario` varchar(250) DEFAULT NULL,
  `cpfCnpj` varchar(18) NOT NULL,
  `email` varchar(250) NOT NULL,
  `telefone` varchar(14) DEFAULT NULL,
  `celular` varchar(15) NOT NULL,
  `senha` varchar(250) NOT NULL,
  `assinatura` longtext NOT NULL,
  `hashAssinatura` varchar(250) NOT NULL,
  `dataUltimoAcesso` date NOT NULL,
  `dataDeCadastro` date NOT NULL,
  `perfilU` smallint(1) NOT NULL,
  `facebookPerfil` varchar(250) DEFAULT NULL,
  `githubPerfil` varchar(250) DEFAULT NULL,
  `linkedinPerfil` varchar(250) DEFAULT NULL,
  `twitterPerfil` varchar(250) DEFAULT NULL
) ENGINE=InnoDB DEFAULT CHARSET=latin1;

--
-- Extraindo dados da tabela `tb_usuario`
--

INSERT INTO `tb_usuario` (`idUsuario`, `nome`, `imgUsuario`, `cpfCnpj`, `email`, `telefone`, `celular`, `senha`, `assinatura`, `hashAssinatura`, `dataUltimoAcesso`, `dataDeCadastro`, `perfilU`, `facebookPerfil`, `githubPerfil`, `linkedinPerfil`, `twitterPerfil`) VALUES
(7, 'Lucas Cunha', '56f347115480576780d50babf98e697f.jpg', '877.887.878-87', 'lucas@gmail.com', '(41) 2312-3123', '(12) 34123-1232', 'b40d03386fb8fd7dc6ca9c6f8d680dfc58d60fd6ea72c63f573cc5bfbb09695746a849c91517c235cdfeaca4e734208f184bc08aae06797748988e95928f80b1', 'data:image/png;base64,iVBORw0KGgoAAAANSUhEUgAAAfQAAACMCAYAAACK0FuSAAAcLElEQVR4Xu2dcch8S1nHH6EgqKiguEWFhUVFQUGFSUmFSgVFhUVeVCxULDJKLFJMKuxyE5OMiowSExMLExOVW6hco0IjoyIkhYKEwKSgooT+CIpPd57u8zue3Xdnd8/unLOfA8vuu+/ZszOfmT3feZ555pnHhIcEJCABCUhAAqsn8JjV18AKSEACEpCABCQQCrqdQAISkIAEJLABAgr6BhrRKkhAAhKQgAQUdPuABCQgAQlIYAMEFPQNNKJVkIAEJCABCSjo9gEJSEACEpDABggo6BtoRKsgAQlIQAISUNDtAxKQgAQkIIENEFDQN9CIVkECEpCABCSgoNsHJCABCUhAAhsgoKBvoBGtggQkIAEJSEBBtw9IQAISkIAENkBAQd9AI1oFCUhAAhKQgIJuH5CABCQgAQlsgICCvoFGtAoSkIAEJCABBd0+IAEJSEACEtgAAQV9A41oFSQgAQlIQAIKun1AAhKQgAQksAECCvoGGtEqSEACEpCABBR0+4AEJCABCUhgAwQU9A004hWr8AkR8ZkR8Snt8UkRwWPu+JeI+GBE/PcVy+tXS0ACEtgsgVsUdMTnKyICMUJk/iEi/muzLXz+iqWII+RfEBFfHxFf1B6fHRE85o4/iYifiIj3nb9IXlECEpCABG5R0J8cEa9vFiUi85qIeE8Td3vEbgKfHhGfV0T8GyKCR8/xp0d8puf6nisBCUjgZgncoqA/PyJeUVzD/xkRL4+I34yIf7rZnrC74ljiCPk3RcRTZwQZLwcM/62503ldD6x4Hhyc+1kyloAEJCCB8xO4RUHHPfxzEfG4iPjSZqlD9oH2vu73R/oZFjl8nhQR3xMRX1W6H8Kcjz+KiL+LiL9qws7rPJjeeFVEPLu9gTfkOefvxl5RAhKQgARuUdCz1RH2n4qIp7f5dCzL72ju91vuGQS1wYapiZ+czInjwSDm4N0RwXQFj6lFXtk9LSJ+ow2asODvj4g/uGW41l0CEpDAUgRuWdBhigX5roh4fAP8hxHxXTccJIdr/Gsi4keLa52o9H9sj3dExG8dODXBtd7ZBgfg1Tpf6lfsdSUgAQlExK0LOp2AwK63tOVX/P3EZnneUgchcp3If4Qc9zoDHQ6E/AMR8TsR8Xt3WOOVF/PuvxARz2pvYtU/pbnmb4mrdZWABCRwMQIK+iOoCYjLed43RMQzLtYC1/8ixPvrWqBgzpPjRmcuHKsai3yfW31aA65H4OGD7R+42l/QrnP92loCCUhAAhsloKA/0rDfGhFva3PpzBN/caeIrbV7IL5Y5Ihvrh/POfJfaYFuPXXD0ud6OW9OgCGDAgR+ywdxB5lgh9cEFNaDaQsGRfBggONqii33BusmgSsRUNAfBY9FSuQ7B+5h5ta3fKSY/3JzsSM6ZHJ75QnWNPPvb2zz5lyPmAQC43os/LUwZ/CSiXQIIswEO7xXVwRQn/R4IOSsBmCQU1cDrKXOllMCEhiYgIL+aOMw5/vC9ucvRcSPDdxupxZtTsxJ+kLUP5HrxxwscfvF5u3g83/RxHxrwoUFTsAfIv4trb687jkMEOyh5bkSkMBBBBT0RzGROOXh9udfz1hZBwFdyUm4xV9bLHPEnPXhx4ovVinXY+qCA0v0Bza2RA2LHOHG+ibYL+tKffFG4ErnkUl2eJ/PkJSHB6/zeHObmlhJd7GYEpDAGggo6I+2ElbrP5cMcp/RbtBraMeeMiK+DzVhQojOIeZ4M1iznmKOh+Pnewo1+LlY5HggWAVQhTznwz8cEe9v7nQGRTwyTe73TVYOEKNATntWDXhIQAISOBsBBf1elMxvfmV7iyQzbz8b6UcCpXDXkmHtmjuOvahEoOOJwFo/1jJnEMT1XtI4ZRpdMvFt4chsec+biDJtyJI+suSRKAcxxwLnfB4sAcw0ubkEMOfRGeywcmANRwb64XExg+IaWswy3jQBBf3e5idNKVYYx0tbKthzdBCsOyy7+yLirVfecawOWp4ZEb99ZAWn8/AIFq5kItrXHgS3K1seooa4IeQM9hgIIeB4PRgI4o7nUXec4zNY5XhCjlk5cGTznPwx2hfPC4GitOs5B7cnF84LSEACH09AQb+XCRHZRGlz/G4L6jq13+B6ZRlXumqvveMY0wpYXhzf24Lger0Gc0F13PSZh1+zmOe+7iQbqtnysg98tE1XUEdEO+fUp30EDwxMEf8PNYt8bSlv6a9MzXAwcHmCOxKeeivw8xJYloCCfi/fGhiHFcbfpxxYb7iff3hykWtyxwtBeXARI0xYjQwycCFnYBfPu45dEfKnBNWdwviQz1LXdH3zzN9Y4Tw4ct04Ao1Fipchzz/k+rnOHBGHHcLPagFEHI/IGg88N+xzkAdBjmuZKlgjb8ssgZMJXFNYTi78AhcgY9p723X/rGVQO/ZrEA1E7tcmF+CGT8DdtQ5Ei8x45K9PQaMsCE8+mFtPccdlzAPx53zm3Ova9VOD6o7lUEW6inMKdhVq3sscA9Sfv3MNOedN143vKlMKdz5nVPu/NysWEYfhsTEJx7I49+fw4PzNZOrgdRHx/ef+Iq8nAQmcj4CCfi9LbvIfaW/hLv2cE1CTZIXsc3U+lcuRbKVGSp/wFUd/NLeQZd6Xm3e64OsFU9zhwOPvW11Ya57WK3neuclPBWyfhV+Fdq4CNctaFW3OnQp3inQV5xTsHqGeliMHM7yfdeH5Y62uGeCW4r3maYa5NvjBmYEobfxlVw7oPLrD+0EJ3AIBBf3jW/l/ylvH8kGU2NCExCPTY6SkNQwsmC/+xuZ2RtgzGv+Q/o8Lds6ljIW/78iVBHPnVGuZgUNN2lKF+5Dy1XNSmBFfLGweaanX8whgI3Ax6zV97v3etZ3PoIksiWS+48A7k54cUiKv3fuwtvawvBI4mMCxgnXwF6zsRMTsX1uZT3GN42onEG56cHP87gETriBsCCnizvPnNmHn/Vy6NGJTpkinCzwFKJdYpXjzfg4yECTeJ1iR+uag6xypb0dk1FumOu0EX7wwKe6snyejoocEJDAgAQX93kY5R1AcVuQfTyzL/JZrR7gf2gVT4Lm5Mzj5kvbBFD0stnSH1wxoef3p5iTT793nkq//q0I9Fesq0ukC572cIuB1ivf0+6dpavk8MRM/c0Lq20PZjnwebfnqyc6DBPa9vhWa/otXZ2tTDCO3iWWTwMEEFPR7UdWlOsfOdSMKPz3TAtwEn9tc8Qc30BVPZGCCmJMBDoHPrHLke+d/6Q6fiwbf51KvQjxXverCr0I9Fetj0UzFnAEAbU2CnFvfBQ02f97aFi9H7mH/lyUWhKWOZrk7tvf5OQksSEBBvxcuy5WI4Ob49YggOKjnmIsO5vPcHFnXvpakK7ijKWumc6X8WLAjL007pJ3mxJyYBpbu3brVideFdL2ZWKku26yDVAZc37zRtMiH9CHPkcCwBBT0e5uGIC823uA4Zr5wLjp4bduIInqsU889zBG6tGDXHBC1S8y3lHP+lBsN3qk3NeucNscSz2Q4eGSqlY6niaWPHhKQwEAEFPRHGwMLhbW3RFUjwlghPVuJ4nrmBpgBRFz5HJufXKq7MH9KDvIHy7K6raRzVcz39yI2n3lLWY8/lyURK52c/fQTBna441kR4CEBCQxCAEGvy4Tq9o/X3EDkGnhYN878IQe7Z3GTO+TILTIJqGML0TzIGsae4Fi6o1u2TBVQf8Q8+wPzye9o+bzX7I5WzPf3YqxvvBTpmSJjIIPZaZ/lPAasGR9Bohk8Um7acshdwnMkcAECCDqutDwyUQZLfDKNZe7vvOab+iEoSdGau4a9ps0X7/tcCjmCMd0iEzHkGtwoR+eGR4Ic9hn8Rp2xvIghWLs7mkEZmfoykc9W6nVIfz7kHER6uvXtAy2mYO7zZAlk0JqBkN824BLMQ+rtORLYJAEEvSZSqZVElKrAf7CJ0yH5vtcGixsU7vVDtk5FyLkR4p6eCnnW+5UR8eODQ6DODEYQcm7UHFhbtPOatvjchZn6EeyWlidi/rPmI/9/XAx2sLAz8JHf9csPGMSRMIl+z8H9gbwKut4H/7FbvNsgUC30XFecezpPCdR0l/yQseIzzzc3g/p6bfQQNAKCOBjIkBFralnnNplYtCQjIeVpWirpdsyMWufeS/3cPBmQYLXikchMbHhkiGzGU7HWDUWSE30Zr0Oun6Z/vkAx/z88sKHNEfLMzU5fx4WegZD7+huffWeZkuJzWPl3pfs9dx/2ehKQwIRAnUPPdcXMoWKp8neKO6/rRh55mUzigQDk66nQZ3KQmrVrpIagjg+XuWOsOAKAOKgz88ss4yLJCkJe87DnXtfUmaxjZFjj+NqIeP9IlWxloa5YZogdkey5vhwLi0CoNUwRHIKVtiLIi4EL/Y/pg0PE6pBrr/kcxJx+iphnP2YgR6xEz5JKBgLk9M8EQj/SEtLcWtzNmvuCZd8ggX1R7rnXMwLP68eWdKD8kPdtL1mFPi17NvfIoDve44EgXntkz80pg9koNwFB3JioI/Umah0Lvm6yQtkJHkLIWepGsNB/FCafOtjcOQMT6vLk5oLOwDfqQeAerumtJAuhnfC2IFwcrJ+n3qPHMix9e6E/M9Ahz0J6ZejDWNjHDOToM88r2/Ayn96zKmTp+np9CdwcgZ5la9woU9x5ZqertNx5rq93gUxxJ4KWBwKKKKa4ZwBeuu+XbhDq9FCxzllvzd+Z07xuDILIY82kkCOAuU6XctZYhE8cZFcqLDIsciLYschT5CgvVnm62EePwj+0HzBwIZNdBjfSVvffuNBkH/j2iHhZGXQSK/GrewLg7mI+XabpfPpdxPy/BBYm0CPoc0VB8BBFnvP1VOhzy8t9+b1T3HnmxvDRJvbppq87ZFVL6y7rvu6NTfmnAxBuchkUtAs1Is4DDwMWCEI+J4DVQv/8JvwLN9/Oy9cI/GeXoDc+wCAqo72py5Ys12lylBefIFjXartzfi/9PQdzGfjIwJTf2EvPEKHOwJ6pjVziibVPMCi/Fw8JSODCBE4V9F3FrUKfW14yL1/F/RCLPjfXyOdpbu+7tumkHJ9cCjkdgMxNG+AdyCV7PLMhBUJerfG5enNOJpW5Vr5r+OYA6+lNyLOODH7g+OY2TbC1vOXTWIi55CgX/nld9esQWaYaGLDWwMdz50aYzqcziHpV2XaVGJTM/Y/HZCveoKs2rl8ugTkCSwn6Ltop7um6528s+tyDO133U8t6ydbLeXwGCwg4SWUQZ6yYnjlBtpV8YSsoosmSoEtZKhmBD9cM3Ms5/1yKhnudec+t3lBr2l0GK0/ccF33/R7oCyxHZH47o9ixynMwd8x8+V2/P/oVniAGlPyOmOagDTIGBc8Jr/ldpKfgrmv6fwlIoJMAgk6gDCNnfoDXilJFiKrrPi3rFPZ01+fSuqzmXdt01sj66We5BvUlwvd97YaHgB9ruTI//bYS+YulQsDcsde7qymxfPKBW3VfBD438bUvRdvHo+Yap01ZqcDyu1s6auAjVnkO6PDMYJUz4LzLy3QsL36n74mIr24XyEFjjUHhX0z1fOGxX+LnJCCB/QQQ9I+0eWECwvjBIUCXsizvah9uCLk3N+fm0rr83F3bdDLvjagj/Ijel5cvzAhvlnCdS3TZsIJEJgweuD6WC65fBkxYysfMV+egpU5R8B7ufQYRPOrUATfwDDbMCPy7OK/9/3U3sA+0QeoxrNfKIQMf2SktAx8Z2PB7ZsDKgO5cfbwyYhDBdzOw5LvnrO+MQeGZ7In0SQ8JSGABAtNMcTlXjHu2/hAX+OqLXHKX1ZJ7YGPFndMFzQAEUX98WbePZUzwGYF+x3xXDlrq/H/Nvw/InDbgBs4yLSyxpayxizRcx5dMrfMfuqGdwKg7gop7HTHNgV0O6OiLSyxHrFM8DGCng8rafGQdpC9yb7mlQVZHF/ZUCZyHAIL+ty1xSrXy+OHxA+SBuNd0r2v4UWaUN1b51Gphuc4bFtwDG+HFIsL9SEIayrLEkUv8uHnjiWDgsKSLf4k6nOOaL2qbynCtW7HOU8i/s82Tp3s9g0bxCi2xx3smJmIjorkpHjxR3CuYw8/7yTMjgnSx15rOO0cf8xoSWAUBBJ2AFUb3uKMzaK1mheMmgVhkulcEMQU+RWWUynITybn4uQ1TiIrHKu8JdjumbpQDps+YWa/fe71cmldT68L9Q61NsH6Osfx7yzHi+fTT95Y8Alvfp3uXkKd7PQMfzx0vUYUci3y6QyOeIfoj3gC+mykQfn8MZhlwsupj6d/ciP3TMkngogRqlHvm90bgiTznb+bGpilfq8AjJNdK9ZpBbpQvU9SyYUpaDmkhLG217GuwZFrX6Pc2cC7Nq9n3chlf77W2dn7d8pYpIgKu1uBB6mmHXIpIX5pa5Ag5VjFiuoR7fVeGQcqf+QyY4sEzVAcRlPX329QT55p0pqfFPVcCRxLYtWwNAULYmRvLZWUpmnMu5F2pXjMDXG5esisDXI1Gpyq5Xr1Wq76XeeZz4IHFkJHy+ZnMs846ctyP57ZajkTux85IgCQmr2jXYxoFj8hWjly/XQep6VqvQo47+9wJgvZlGEwhf+sdUzzcO9gcpyadcROXrfRO6zEkgUPWodec7ojmfcUiRmT35XTPkXxG2KbwT2FMLc50/dfz6nsZ/T69TqZn5XuwWm4lynvIznWBQtX5cyKoWYu+5rnaao0/qQyqp4NUYiYQ8XMLOd9D3AeDiF0ZBu8S8trsbuJygR+BXyGBJHCIoE9pVYHPxDB1vfghqV7P1QJ121ZcrkSSZ6S+Fvm5KI97nWmqV/bmJqfAmtzu6W3K2I9pYiDoX2IpIh4BfttkGKxbA/PduRvfMUGXbuIy7u/Hkm2MwDGCPoegrhevqV45d+oqn3PZT13sc675+l6+Zn45rX6E/FaDwzbWLbuqg8v5qSUAixzl72pzy6Na6xm8iYhiDbM0MbOpVWs8+/aSSxEztwP7GrCBT80wyO/p3TNz5D0N5CYuPbQ8VwInEDiXoO8rwiGu8qmLfc41X9/b5bo/AYUfXSmBXPtPop0cLGJJMqeOIBE0dm1hTys841BY1oUlzjxzCmjix9NE/2YJXuYTWDIpDGVAyDNyPSPmc1vdc0Snz23i4nz6Sn9wFntcApcQ9HFrb8m2QgBRf3WzdLF6ORBBBJE12biMM1HSJeqMcFcRR8CxwjN4s8adZNwHrm3KyNKzTMSyRFkzRwMpn1mChmcgDwY/DCSWiJh3Pn2J1vSaEigEFHS7w1YIYOk+vy3tQuBzueVckqTMn7Br1cWhTDJ2pG4qxGvEu8aaTANHM7Pf3GZAS83/1y11WSOeG7dQV8qBNwOvBt6NpcrgfPqhPcvzJHAEAQX9CGh+ZGgCuJARdkSViO1pBkSCJREvngmixJLP5D1Yy/vELPPqZ8xHbiLEc31MAXHdmm0xM/tlNsYlgU6FvKaIzYA38r0jtku49mvdnE9fsqW99s0TUNBvvgtsFkBmQETYdyVJysrniohMQrQLSs4zzy2rrJ/hOvlANBk4ZLbFHFAsDT6XwOHun2ZNrFvqTpPCLF0u59OXJuz1b5aAgn6zTX8zFa9Jkh7bcihUF/kpufbTZZ876aUrHwscL0B6Ai65+oK64ZlAOAm8qxZ5Jltidcg1t9SdzqfnhjrXDl68mR+FFd0mAQV9m+1qreYJYFkjdNU9/mnFLT+XobBeaZpXP132uKqrgF+Df3oNSIfLMr4a7FaFfJRkSwQxkrwm871nDoFrsPM7JbAJAgr6JprRSpxAINdhc4m7XOnpmh9p2WTdsAURn26ckpHrowh5NtU03zvxBGzisvQ8/gldxY9KYGwCCvrY7WPpJLCLwK6d1zgfUUTI2ceA9LDnWEu+REsQwPjGNkXA9R9ouyHm3g9LfKfXlMBmCSjom21aK7ZRAngUCHTDrc5c9HTDFoScqHWE/JJz98fiJsHMy9q0BzEI90fE24+9mJ+TwC0TUNBvufWt+9oIMMf/tIh4SYsDoPwEkiHcH46IJXZeW5oRAxQS2RCJz0FdntKSAS393V5fApsioKBvqjmtzMYJEPD28GRt/cfaGnLc6rmGvm5HXNfW5/t3rbe/NEaCFB8qg5TXtZ3zdL1fuiX8vlUTUNBX3XwW/sYI4GJ/7QF1rtsR17X1+T6DAF6nsOfyuznxP+DrTjolk/U8JyIeLPn4n9B2zjvp4n5YArdEQEG/pda2rmsngCX7pjZvnmvpT6lTin1G7VfxZy09f8/tctj7nSna+bn6N4l/OIjOr2vmX9zWyvd+l+dL4GYJKOg32/RWfKUEEL7cavVxO+qQOeb5N+u8M/1tvn/Xevt62XPscliX0qV478NPYN9z2yY1K20miy2ByxNQ0C/P3G+UwNIEsOSriPM3R75PZPx9bQObFHeeq/hPreqlypzJetIbwEYxbBJDbnkPCUigg4CC3gHLUyWwMQKZSCefa5KddIVXa77Hsq+oapAe76eI85o0tBzM6eMNILjP5DIb62hW5zIEFPTLcPZbJLBWAjV73l2Z9HbVsQbpcU5m3FsrE8stgSEJKOhDNouFkoAEJCABCfQRUND7eHm2BCQgAQlIYEgCCvqQzWKhJCABCUhAAn0EFPQ+Xp4tAQlIQAISGJKAgj5ks1goCUhAAhKQQB8BBb2Pl2dLQAISkIAEhiSgoA/ZLBZKAhKQgAQk0EdAQe/j5dkSkIAEJCCBIQko6EM2i4WSgAQkIAEJ9BFQ0Pt4ebYEJCABCUhgSAIK+pDNYqEkIAEJSEACfQQU9D5eni0BCUhAAhIYkoCCPmSzWCgJSEACEpBAHwEFvY+XZ0tAAhKQgASGJKCgD9ksFkoCEpCABCTQR0BB7+Pl2RKQgAQkIIEhCSjoQzaLhZKABCQgAQn0EVDQ+3h5tgQkIAEJSGBIAgr6kM1ioSQgAQlIQAJ9BBT0Pl6eLQEJSEACEhiSgII+ZLNYKAlIQAISkEAfAQW9j5dnS0ACEpCABIYkoKAP2SwWSgISkIAEJNBHQEHv4+XZEpCABCQggSEJKOhDNouFkoAEJCABCfQRUND7eHm2BCQgAQlIYEgCCvqQzWKhJCABCUhAAn0EFPQ+Xp4tAQlIQAISGJKAgj5ks1goCUhAAhKQQB8BBb2Pl2dLQAISkIAEhiSgoA/ZLBZKAhKQgAQk0EdAQe/j5dkSkIAEJCCBIQko6EM2i4WSgAQkIAEJ9BFQ0Pt4ebYEJCABCUhgSAIK+pDNYqEkIAEJSEACfQQU9D5eni0BCUhAAhIYkoCCPmSzWCgJSEACEpBAHwEFvY+XZ0tAAhKQgASGJKCgD9ksFkoCEpCABCTQR0BB7+Pl2RKQgAQkIIEhCSjoQzaLhZKABCQgAQn0EVDQ+3h5tgQkIAEJSGBIAgr6kM1ioSQgAQlIQAJ9BBT0Pl6eLQEJSEACEhiSgII+ZLNYKAlIQAISkEAfAQW9j5dnS0ACEpCABIYkoKAP2SwWSgISkIAEJNBHQEHv4+XZEpCABCQggSEJKOhDNouFkoAEJCABCfQRUND7eHm2BCQgAQlIYEgCCvqQzWKhJCABCUhAAn0EFPQ+Xp4tAQlIQAISGJKAgj5ks1goCUhAAhKQQB8BBb2Pl2dLQAISkIAEhiTwvwLVQNjtCAeWAAAAAElFTkSuQmCC', '9ea47e257549b95d6b8e8964a8852c56', '2019-04-17', '2019-03-11', 0, '', '', '', ''),
(8, 'Jorge Da Silva', '4902f251c56a57c0551ab30b14f0c2d4.jpg', '12.354.655/7687-65', 'jorge@gmail.com', '(12) 3121-2312', '(12) 31243-5354', 'b40d03386fb8fd7dc6ca9c6f8d680dfc58d60fd6ea72c63f573cc5bfbb09695746a849c91517c235cdfeaca4e734208f184bc08aae06797748988e95928f80b1', 'data:image/png;base64,iVBORw0KGgoAAAANSUhEUgAAAfQAAACMCAYAAACK0FuSAAAgAElEQVR4Xu3dCfiFUT4X8B/tO9GiiUlCokjKmhJjr8hTY18zycSUUkgalZoYO5W1rFkiNTUpS9IMojIJiRAqMVRSWrQ9n+b86szr3v9d/vfe/3vv/3ue533u9r7nPed73nu+57eeF6mUIBAEgkAQCAJB4OoReJGr70E6EASCQBAIAkEgCFQIPQ9BEAgCQSAIBIEbQCCEfgODmC4EgSAQBIJAEAih5xkIAkEgCASBIHADCITQb2AQ04UgEASCQBAIAiH0PANBIAgEgSAQBG4AgRD6DQxiuhAEgkAQCAJBIISeZyAIBIEgEASCwA0gEEK/gUFMF4JAEAgCQSAIhNDzDASBIBAEgkAQuAEEQug3MIjpQhAIAkEgCASBEHqegSAQBIJAEAgCN4BACP0GBjFdCAJBIAgEgSAQQs8zEASCQBAIAkHgBhAIod/AIKYLQSAIBIEgEARC6HkGgkAQCAJBIAjcAAIh9BsYxHQhCASBIBAEgkAIPc9AEAgCQSAIBIEbQCCEfgODmC4EgSAQBIJAEAih5xkIAkEgCASBIHADCITQb2AQ04UgEASCQBAIAiH0PANBIAgEgSAQBG4AgRD6DQxiuhAEgkAQCAJBIISeZyAIBIEgEASCwA0gEEK/gUFMF4JAEAgCQSAIhNDzDASBIBAEgkAQuAEEQug3MIjpQhAIAkEgCASBEHqegSAQBIJAEAgCN4BACP0GBjFdCAJBIAgEgSAQQs8z0Aj8tqr69VX1OVX1bYElCASBIBAErguBEPp1jde5Wvsnq+pdq+pnVdU3VdVvPteNUm8QCAJBIAicB4EQ+nlwvaZakflTq+rFR6P/e1X9tGvqQNp6MgR+SVX99qp6xar6OVX1o1X1z6vqH1bVN5zsLqkoCASBsyAQQj8LrFdT6R+pKkeTuYb/m6p6wtX0IA09BQK/sqreq6retKperKp+RlX9pKr6n1X1X6rqP1fVs6rqjw2SP8U9U0cQCAInRiCEfmJAr6i631JVn19VL7lo89dW1etcUT/S1Psh8A5V9fSq+oVV9XPvqOo/VtXXV9XvCKnfD/BcHQTOhUAI/VzIrrte6tSvqapX2dDMZ1bV+6+7+WndiRBgbnmPqnqpqb6/O9TrVO2eEws/DpMKc8xHVdUHnuj+qSYIBIETIhBCPyGYV1TVX6qqdxxqVSp2hf1Uebuq+rwr6suxTUVWbzAIC2mxF//5qvrsYys84LqfOvwUfkpVOX7yOOb3vqP2ftHptd+f4n/77lX1VoO0NV1kwydX1XdX1Y+Nw/f8KX5rVT1t9O/7quqJVfW/D+hvTg0CQeACCJxiYrhAM3OLEyLwe6vqI4ZHu2rZ0ElqSEb5eVVFvXqrBYlz/HrSUDFTMzvYi79zOIQd23cY/vRBgojQ4bv5QNQvUVW/YGBtYdGHdvT7nzls2cv6fEbspy7/bdjLvfbxX8dC5z+NhY+2/6+q+j1V9Zyq+pGq+uEhuZ+6PakvCASBAxEIoR8I2JWfTgr/xmEv1RUS6b+qqg8b/aJuJa3eWtFvGgl94wDGCXCTvfjLB9Fv6z+JmcPYz95CtvwR2KJ/0Xj1+ecvDqGB6rnmgsR5vf/TqvoH45n612MhcM39StuDwFUjEEK/6uE7uPF/rqpI6IpQpLeoqudW1a8Y31HD/sWDa13vBRLlcPrivU0qRuKtiVi2mhT6NlX1d4YEjLiR73zwAH/pqnq58Yq4kXa/UpnfVWgBSL8kXwebtO9IvfMxf9fv59f7qLtfaSw2/Pep1v9JVf346POs3rfo6AUMbcEvHmaBTf37pKr6s0Ndv96nIS0LAjeOQAj9xgd46h5yI4G2ZPrkQS5fNNnSTfa3oG7nxPVOVfXqg3BnaZzPwFeO0Dzq9y5/cHyPlBH3L62qXz7sxS9bVQ7S912k/T8W6uom7n5lp//Bqvq3VfX9VfXvB7Ej+d9VVa85FhQWVbPae36vLuR+TGFqkAnQIkVhG/8bo0+zuaDV/M6j3XiZqvroidDZ25kGaB+c+6VV9QEjKdEx7co1QSAInACBEPoJQLySKoSoIQ3lrw876F+rqt8wvqN2/+Ar6cu2ZiLy966qVx5Ejmy6MCf8zeHdT6Lm/NbE9nVV9S1V9cuG9M3re1NyHUSKUEm24rO9b7L1mU0ZYT9/kHaTNwJ3+H0TGdOawJ8p4F+OxcM5huLLquqNRsXMLe83+rDrXswU/2ycJCb9zavq1cYChOTOifKLhz19V135PQgEgTMhEEI/E7Arq3YpmZEEEflHDhU0qfX1HkBlSsqTlUyhQVgWdlltYx64q8xEToputTo1OuetLxhkQ1KnLufJ3/fdVG8nU/HaBxL/D0Oy5negbUgaaTu0E8EfUhClEEGmD4sM5a+OWO9D6tnnXPh+9ZCo4fJrq+pf7HNhVf3xEat+zvbt2ZScFgSCwDYEQuiP49nguNSSOMlMxi9SadvOeboj92NVufui+BqDuJEpgqHabim6peW5LrZddmbE+eFVRaMwl21EjnyfPRy32Lj1k0RJjb5UmVOTMzM4qMS9kpKFbzVxI+/vHYR+CowsZP5wVb3tiAHvviNa49TS8L647nPep46Yc+d+ZlXxl9inL9rKzs7koEgsY9GREgSCwMoQCKGvbEDO0BzSOQmV1NqSmWQiJENOTyRLCWbYc89ROtZbO9rBrB3O9vX2Rjxszr9vkLrFgFSlbzzs2i2Rk6afN/rJ/o3AZ9U5xzOLhP6O+pg9nU34WweRekXs5yrU6+9SVa+wSLnrfp844r33IdpD2scObpHQvgTw26X16Pph/jHjWXGNjXvglhIEgsDKEAihr2xAztCcWTpHGGzHpNfO38557NTJVHqTDyROrYxI5nzx3U0LjN6qddPmH6RD5NPqcU59CFe9VOsWBgqSpg7vcLKun3TvHmzXJG/hVupTr2JR8GlVRUo/d2ltAk0BrcFyMXOoGvyQ9vJApxFQ+E/8zj1jx43j35s0OWzunONSgkAQWCECIfQVDsoJm7RJOv+4qnqzcQ+OYjydTyVxtSoZYVCnI/E5TKzt4cjbIetY250R2rIgPST97eMHDmikV2FUSodv9XNMAidd/1BV/buhfZDC9JuH0xsHLoTWmglS8qn6vm3YtmkTYNHZ+Vx7LuncmOg/T3XlEJW5MMenDLzg+Npn1OSc8LFPVUHgcSIQQr/dcTeRk86FoikfNAjuL0yOUVTWNmM5RdmmSkbUXzJU5RKRINA+SNDbimeTZE+yZfPdVkjXJHAkztZuP3ex9TYSYQMnvXcRDmbfd8V7duRzFWQNk7cfDm+znZzELFPc+46bn1M6f63hGGgRg5R/3Z6LGEl42MpbTd8hbufCK/UGgSBwTwRC6PcEcMWXz7ZP0qCkKUKLeiMOEiEV6l2kuk/3qNTZWJeqZPZWqnyhUuzzHXO9q04SPXU6L2yLkF8zSeR9LUmcBM67nJT/jwdpIXFq9W2JVxD/MXbkXW2ef7eQkpXOYoFHfZsakPZnVdVnDH+Ar5hU2X9mOCqe2nauXXwlOBQq1OXGfFdZbt5jHN/zCC/+XffJ7w+LgHFm/nHwK/Ff4qty3znhYXv1iO8eQr/NwfdHRXLtxS7GWVjabxrdJam9/iDE+yCAzCUq4VTXqnWLB170XzWk5n0T1SBaKnH2cqTzuluSuAi14oUuHM09pLLd5x5U3whf0UZe26eeuNzjT1fVr17Yyan5P2F4i1twWACR3lv1/6oDq/uMxbZrxYhLIqTIwW4Dll1luXkPx8Y2e+y6Nr+vFwHPm70aZE10eO7MCw4aI9q7jx3Evt5epGVbEQih3+bDsZTOEQqJsT3d33I4O92n903mJgUTBQmUzfXTh6p7H9u060wsTxjOaiRbKuK7srExE7C/c4I7pMyS6l8ZjmGHXH/XuRZQNrihluZZ34sbWgphgtLJ0iZYQCwz9p3DKXFuK+92Y6WwgQtXvKssN+/Rvr+8Z4jbqfBMPadDwH+JlogUzgxE82WxLBcFTVhv9EPrRYMn5wDH05QrRCCEfoWDtqPJS+mcROhP26rf9xlS2n2kU6T0uUPKbW9tqnWJS9yPxEwL0MX7ORTMrl0mk5cfG6bYxvNXbcgVbpHAy1rilS7HPrOyxMlwpggbu8suf8hTwcbPNMBXodX52s1ODqMfmGzWxkaEAYlIsdBiY99n8XNIm+ZzORL2AkNUwF3JbzhRkuCNjWIxYiF0zvYd269ctx0B49wkbu8B5P0bRyrkOQ0yEu/oD1oruQo8k4culjMWK0Hg2MlxJc1PMzYgMEvnfmaXbdL1ZyVx7aOiXlbdtmFSNNW4OO+5qFMcuGKi6Pc+d/5x9jm2byRH5S3RDJv+8jnk6CY+/E+NbGa9Zzui7JCzQwffte2YRoqWLOY+RTuozmkM9GHGmNqdinoZ2//xw2u8NSXnSiLT/ZrNDLQFm7Lx9bmkeIsy2Ci9eQ/NQsr6ERANQttFErdQRuIkcQvlOWmT+cBzyYnU/5ET6deMw+dz+HGsH70baWEI/UYGcnRjuT3q3Dtk/tShDj+01y2FynW+KYZ63/oQNYc15LdtT29ZyWyU4tWkQwXfnvi89n0+tMzERlsg1/t9Ji4e4Eib70BPlu07QL2+aWJceo3TlJCA79OOXTiIs3cPhdqcNmBTafOJzWwUGLG7G4OUdSLgP0Tabnu4Z5FJhSTufzqHi9LSNIl7TvmSiATxfzpXQql1onbjrQqh39YAzwlETkXmbMNCvWYptOu2SNgk6ZJe225r4uHo1rHjdyGOCEm87L5NdOzS7qNQv8tUdmhBZJz3lL81qd4Prafj7Gk5SLItlfMCF9/P9rhJPQ2LLxwLAPe8j6bkkDZzTvwT4wKe9EwDy0LN/szJfEKTwXkSmZ9zsXFIP3LuCxBA0vI7WFT7P4oseZ1pk5w5WZHnkDbMovi7ht8JR1IS+TkzIWasHhCBEPoDgn/iW5POJRBZZmQ7VjJvR6933pLljUr2rbd4iptYTDwmHROORDNIbdte5A0Fuz6vdQuIziCHKEmzCoedJqhD4HtGVclXr1j02Orz0KL9ogV4fDfGLZVbJFBNbyJAOLKlS+bTXu12PDtHvvZln54+MPP9h04brPR5yJz3favZkTn/AjnzQ+aHPiHnOZ8GyDa1JHHJgWibqNI5t/FYn5MqGb8O5/T/4QDJr0VkCCk95cYRCKHfzgBvks6PJXOoCF1C2O1EI6vcvH84lawc8cuCtBA5+zhyoGpWB7t62/Nb3d7OY52ERV3OIR2+w5D+v2ciUB71JIxDi/2632RcxMOfg9whRR8+YtgjezMZeFgkbJPKu36q+T8wJfPhg2AP8ksQ5l2ELhWshVKTOTW78YL9obvGHYJlzr0bgaUqnbMle7iFMdt4pzvu/0onVaLdsgUwdToSF1N+iZTGGc8VIRBCX9FgHNkUEqBQI1LnLJ1TtyJl2dIOLdTsSKjtw1TKQsXEqCok001pU0kMJiAqbnuv2xKUzZz6j2e7EJpWCyLEDxzOY74XFy97G+ceZEc96LM+KAhHkpljvPPFq3cMvkWJz/sWxGeP9Vax9yJEkhjY3kXMyJuGoceFyltyl0sR5iZCt3gyjkwXVLeNrTGLmn3fp+K050nq4hkhhXM49ZyTwvmL+Dyr0j07vNCp0v0PjdnfHzZx0nnKI0YghH7dg09yRIqdpU1vEM67VZVMZMc4vCxJiFMVghfmRVWsUD1/8ASdCUd4DPu33N8mJCTNVkfV17urdftcKx3sTIgkX2FlMqkhdcQtBK4z21G1U7kfU2YPd3XvE4a1jfiQssXILmxd7zwLH8WiSKrXXdcd079t19gStzPDCZfzmSaHA9WsafhDIfNTwr6zLvOu57BV6SI+pOTl1Oa/PKvSLYhble7/0PZwnunIPPbwnXA/nhNC6Nc51r3hxxsOwptt00jViv0YKZCdWLhYkyiVvZSfQtDYiJsEhKzZL1xhKxcag8g5sJmkeg/ztqW3pE/KpublXbspdE79NAPU1HNxndhtUskxZU4Fu88zD19JcjYRHxX7PthasFDvdw51mgFq0UsWE77FlWIRA7/ZmU9KWP3cpWm4ZJtv9V4WuP4r/h+ysvnPUKWTwv2f+r+l/7Q+pHAE/vzhb+E/Q2vlfxd7+K0+Jffs1z6T2z1vkcsPQMCk35Jdx1735VTrfudhLbyIOnuOL3XeIVtjbmrWswYJ+Q2JkshN9nbo+qJxAWc4kxCbOHKQ9EVKUeSHvJAGz3dShgxwvdggoZKy2cTvUptz/HFOF9LJ2w278wFQvtCppBgSkcKev02qmTO+PXFSdR5KfLQcnzLZze/b/mP6bXGG0Dc5Inq2njal5z2m/lxzNwLmVpEdCNzhv0IK99/xytwxh25aJNLeIHHjI3WzcE02caR+CZ+LjOmVIxBCX88AUp9Lm2oCRojedxH29aRBRiaCeTU/98CKv/OVH9ozdviP2kJCNnJhR1aovYVAcdDxHec4bTIhUQfa8Yz0QQrplLBU7BzodkmoCJXN3AKii3tZCOwjFW/rM29f2Cg0GBKoLMumjG/HEh8tRzsQnqL9h45ljxMb+rJY9EnYY+e7+2B6TJvOfY3FMM99XvrLBfG5761+fiIdG+4/4X8reZBnzwJrDt3srX7ZvZH4dw4/FSRubKJKv8SI3dg9QujrGVCSd6cjtRqf1cts0HPKRlJrk0ZnTiMBv8eRTmMmQjHevZnLkoRMMp3Qhee7SUjyFyp/WgJtJbmTOEgfnHsUUj6b85fvkZ3OhCeTGtX6vGCxMDhW1d6jK2yMlKy4R29b6jMitzCRbGaZ8e0Y4tMPoXf6YJyovNs8cYmnrTP6WQS101vfl01fGOItZgSDO0dFvhwWcNIJX6IgaQ5tpHDPj3Ay/xVmG1o0JN+FqpxXOgKXLVGYKVW69n7vkf/dS/Qx97gSBELo6xkoqmZkg2C2FQRJ+rCJgrAw3sotBSPSY3fE4iiFoNveu7RXs6E3yQon+/1j4vL82PnM4oJUzqGnzQDIg7PVPjZn2gHOWzCYVcS70pXuO3qkJBOnQq0pLl2hFUHkcpcvd4vblvFt1z31g/OZYj9xMfiXUJc2kQs9kykMmSwLvwVRCA8hve7C7T6/L5Pj0BTZuvYcpcPK2qGN0yPyJoV7ltq0496zQ5tFsP8KVToC9+pZ3LbV7znanjpvHIEQ+noGuOO3JVUhMc/FBCxszETVe4vzckVUCpU4m+gxxLFMSCN8SZrQucyTDnUgezk7uPfaJcZ73mWMZ7xFwi5nK1IVD3rpKjcR0F3pSg8ZOWT9aWOfcte1xE/r0UTe+5ULldsVW37XveftSuXVNzbnLhaBnA2X27a6r4UVsrcAVPgDdJKdc7frEvUv4+mNIx8GC99TFHOkRSqHNpJ4h5UhcP8/fiKzFO5/QQpH4O3QxgxGy0WtfmtmjlNgnDpOhEAI/URAnrAak8Zy+9AfH17K7UxGImGT7k0+qPlkgzqmsG8j1Z78eaovw7pmmzBy1x5qZAsM9zbJKSZT9SHiXZt6kPRJsyT7lv5J5MiH7VERktfS9DF9m6+hDrXf81ID0kQuXE6fqEOPWRj1vYQLkvwVCx2S/rmK+yC0pZZhvp/x+I6q+vzxpQWhsMZTEd65+rarXlKxvi/j6S1sjo3y6HsycXHq7NhwzyNHVFowz+u8QVDnWUDgDgldmFxohP7RIHX28pQgcHYEQuhnh/gsNzBZnEI617g5ixr1sL3Cl0Xc+ZwH3MICEUqIsW9IWtdJI2ABIRUqVXcnzSA5ftLIdtUEf2xmuG2g0yK0fdM5TBjUnyT2+xJ533OOebeI4CR46nJX2OLyXjAkGfIj6MUMzQkny06ve+r2nbO+zipIk+T9Mp6eXfrQ5EMWxrQ1bQsXRsZ8hMD5QPAJmT3SLWhnKRyONFWeJWaveafBc2KRuoPACyEQQr++B+KU0rne70NAv3t4Rm9Si7eEKwParpC0tr+z484LAVKk7G2yY4nfVpgZJNw4dHLeNaIIoO2cJt59kszsqnP+fTZPUMXeR9qf690nbHHZzhlDmLPpt/aDDZc25lrs6RYxFiQWnRaCnX3P8yeW/pB4+nYyReJU6dTmzBUInCRuITar0dsjXWw4DYcolJbCaZUSVnbIPyTnng2BEPrZoD1bxaeUzjVyGWLFw30ZMmNjD57gvKaplE1oiNB5PNjFO9+lYm/1KMKepXK2dgsBakq2RV7+vP0VKVP5BVxbOTSJza7+kULZhIXyIZ67whaXdfEHePfxJU0IaV00Q6fXlVNeyuC1SurLRQwSn9Mb8w/wvCLXbZEQJGue6FToDiRuochM4SCBz/4fjaHnG3kjcYTNr4IK3UKICePHdg1cfg8Cl0YghH5pxO93v1NL51rDntox7yYwkxZv+96y1Dn21eZIxXtaghlkS7Vo8wee09uk6FYNs3PO6lGqblK5TSR6IeB3O5B1eB5JyUR9bWXfJDa7+kUaNd4WQVS+iGzO6b3peri2BO5318/j6HrfdXpdiyjqd/Hqvb3srnad+/cmcf4B23IvkIotBi0uheDNzx/JWh1N3rzRhWOSwDlzOuC5xLJzpDeJwxJ5+z8kLvzco576T4JACP0kMF6sklNL5xqOQMVlt2OcyRHJ2rmJGpMURKIRioWYxdLaeUzcu9hZ9sS5IGZJVZA5le6c0W5Wz7dU3te6l/A1xYSNyE6tbr/EQO2TxGZbO3j9N5EL4UPiczZA6nELKJL67JilPuPEGexDRuXbNtBhcmBCIdm26QEp2gLWhj4PoYLvZ0bsOKczz2QfM1YWJ54TErI4bs8H6RsW+uJV3gI4NoELK/P9PNfRopCwYckWTgoXUkbThMCfN3wq4sx2iX9M7nEyBELoJ4Py7BWdQzrvRiMOCWPEtfck38Ru0pNZDRGQmKREpY7kyc7RysRKGmJ/JFWZSE3GiGhOhmMylqOdJ/lSPa9v1O19vjA2eauvscxJbGaV97a+WPzAzQJI7HSHR80SJLI2LshKRMG8a13vyU5apTlpx7flBjrz/eEs7IompiV6Y0paJ43yY3DPc5E7wu347SbfdkpbZkEkKVs80uZwXOT3wBnT+fDgwCZrofocFgfLdLf8GCwmkbfnuTc5sWjlRKfPnuNT+Ttc43ObNt8AAiH06xhEEgZb9ak82zf1GgFTR0pMwo49J8gwCZoQEUnHbnt2TK5UzMi/PYWXE3JLVSbPTRnKTOgS5XDaUu6bj/6hR3ROYgM3JEs9jByRDQJF3v3akij8ZyJyPk2FcXAuoof/HDcv1v8LBxFbVDGDtEQ/b6CzCRP1WJzZDKc1I87rnOLa3nkGjDEvbs/AIfZ2Y6v9+u1995lTmudEW/v93EZS8nNH/5EvLZB6mHyavNXHH2MZ4qkeWqSZwC0gYYO8m8A3bQ700M9O7h8E7oVACP1e8F3sYglKqLxNwiZ6e3sfG3d+V6NJheyLVOycsEjOs0123w5zvLIAQQKI3IS6SX1uUma75azVWepoCtjSz12QzDKBj3v6jkr72IJg+Bt03Wyy3X/jNxPZcnMd92ypGF5IGi7Oa4nd72LI2cGRVG/HOucTsCgyfvtInEjRXvQWcTQF80IOuSNG9ZDgqaA7JMvYbirGtM0ByJpTWvd73kZ3eS1TRdurXaNd0riyf3sGOQPOnud9PZzaQVNbLT44bVp4tATuvxIntmOf6Fx3NQiE0Nc/VCZHzjmdZx1ZIPd9Jutje4c82qOYpGeid7TEtaledkkx1yQr6l8TKolcso12nJs9wJdk3ruqseWesm+dJY1U3JKx9iOZTdLdtu8PwRJ2m3Y526eOeeEz19GqZxJ578rVOFk8sP927nZalt4XYJ97WmS41kKGWcVY9+Yy267fFu6nrl3Oe7zGqfctdPSFcyUCZ07QBtqITXV0/oMmbuTtmRNnb3HTh3rVmRIEHhUCIfT1Dzfp/GPGBEc6oxZvqewSrW9VOtXwPFmT5GgK3nTYMTucyjNF5WlypbJFRMhd29kwTcYm7U+Ytlz1HRJ69glTY3aoHCcrEq5Dm7ftVHcJLA+9R2/CQyLn8CY0a9PY25REaJtCTW/TnGNUyp2n3Fgbo1aTWxTBc5tWY1u/tNehHwiWlNyLB6Fi8+5jyzo8Q0vJ2wIReXumOMZ5TQz4oU9Vzr9ZBELo6x7aTdK5jGprKiZm3u/SnFpsmPSFCi3VoyZekzHpiUMWhyaqVSpcce6csBA+Kczk7yCB9uv83nd3bWohJag92udQuSVm2+zBFh5UtqcqSIckiWARpDbdRY4IWRvkB+CM6Dokvk0iJk1Tsbf6/s2Hx/p924/ckW8v5GgdELD7eK8vxngOE2MioJb3ynTTxzZthTGk1u8EP16Rvr4uJW84niqb332xyfVBYJUIhNBXOSz/r1FCi95/si+/9oWl80PQob6W153EjrCpUFsqtjBxbFKjImdSHOnLYdJGgCb2PnrC99n7lviWhI9A7PBmI5JOQOIa6mh2VOFIYttdx9FKXd4jIYf3viMdnqogLPU62JDhRFPQDm4IHjYIS0FmFjWIfJeU7bq/XVWeC4U3+Htu0XJYPDmMwfza7UC6vMfnV79ZnFl80cA0QVONy6YmJNHvu8wLxrjJusfQa6vMhT8uD31P2NipnsLU8ygQCKGvd5j32QVtra1HXFS2nOuEYvFgR/ZC21rN2ptaIBhEMufK3rdfTfRIEwkjHmTZdVkocLRCDoiyVbjO33Y4p+2vTfTa2ofv5s/eb/ruru/n30i42rtpEeH/2Ydzlp+l0rXgQ7wIUn5z8f0zaff7JmpSdx9wtyhA1Ii5Sbtf2bI3OaItxwdePQabcBXnzWaubY4mb5qI7D6279Oe84LADgRC6Ot9RIQkUR0r1LDU2qfOO36p3lPPis+WZhPBmMTtFkeVjExI84gYwSAnJOI8h/ebpMhjFgCH9pcU71iaAJbmgP59k55JEdUAAA1DSURBVHlgaSpYahV83mY+0MdWazcm/Zn2Q4hcO/YxE9ButEc5LGfiPhYvfaIxsODoV++bwC2qmErEcTuoyr3StjCv+EwSj7R96NOX84PAgQiE0A8E7EKns7FSpbba+MmDAC90+5PeZpM3+yYHONIgYmd/RVYk+bbZ+o0E2ZKk13bQQ/quE1PdKn1EgmQ835uk1W3f9SLiVv8XrfpvM0N/ngl7Sd60GyIVLBbayY0/xEzc2V3spH+ZVBYEjkPgVieu49BYz1U8ml9vNIez2KY9ytfT2u0tEcf+zKF6R5an9GZvSVSyEc5jSF2xEJIelGSJ9DtxyaxqXqqd588WEU34u1Te8+/bVOO7vt/1H1yq832mErfAca3PVNhtc579AdovoLUA7YDWavH2JG/CRtp9NHlfY/rda/hvpI1B4OQI7JpMTn7DVLgTAVm7hKkhLATI4Ul2q2sr7LvPGDtZafspyXzGYpkDXupT6t77llb1t9q/X5eq7/5Mpd0pWVstPpsNlu9ns8K2tiLkWb3vvbS4PPg7AcwnD3MGG7rfkfSsEm8SP2Vs/32xzfVBIAicAYEQ+hlAvUeVHOFkWeskMrzcbZhxbZOxjV7eY3hCg4MHNzU7b/NTOkExTchI1zngTxWydY8hPOul+ismnYe5IlztXVcc+XBWMFJ5EAgCL4xACH1dTwRp8ylTmBq1+7Z9ntfV8he0hsc07YL0rW3/R+a8r5H5qRcmEtG82URufA1OuWBYE8YWe/orTW4vkt5oeI+vqZ1pSxAIAg+EQAj9gYDfcNultIkE7Wh2LQXh2L1LgplOckKCFBf+XWcgc/b5zxt2cup8Ht+XyAH/UONhB7S3HIs9/ZWlT0rglCAQBILA/0UghL6OB4FkS/pqRzhEiNCvJUxNtjJhdjLFdWpVO4zZLlX88TkKRzgSqvKJVfW0MywaztHuY+pkwrAwamzfZqjeT63xOKZtuSYIBIGVIBBCX8dAfGBVPX1yhLsWadNCBNm81XB+a0925M5Za7nv+anQpg2QRrYJzpaa59h97lTtvU898H3qZMLgUyFy4FZNC/fBKtcGgUeNQAj94Yefqp103jtlvc/YP3vt0pd2k8AtPtopTeYv7Rdqd84NZEjjbPXKIVuFPvxoH9aCJZnHCe4w/HJ2EHhUCITQH364lzHnpN1dObwfutVC66iAbczSebzlEf+4scPauaVHtnMOcIrd6Kjcb61sInOS+rlMGLeGX/oTBB4dAiH0hx3yZcz5G1fV1z5sk+68e29JKhbaxhwKB60PHpnsqNgvoVng/CYDnSJO/+tWjNkxTQuZH4NargkCjxyBEPrDPQAIScx5ZzgTc86OvsbMXJK18CqXT37eklSOeRIygr2kVkHilNYMyAR3bo3AJZ+SkPkl0c69gsANIRBCf7jBfNYIQ9ICxCieem0x54j8vavqlYdTVoejkcrFzH9SVX3PhaTyeaTmzUxu6RkOmT/c/zF3DgJXj8AtTYbXNBjvWFWfMsVQI/PnrKQDPNffYCJyGoSWhhH5Z1XVZwwv84dagNwioYfMV/IHSDOCwLUi8FgJne0aqSIvRTYzKmOSsm0ov72qvu1Mg0plzQv8FUb9HLre74FV7U3i4smfNLzWtxH5d48NPC5hK982BLdE6LD/9Kp6wyk0jTd7HODO9AdMtUHgVhF4rIT+HdMOYMaWDRZBkUDtf90bWnzDIHskj/QR/n3LMr3r658xXvuutm4iceFnHYLm2lkiXwORd38stl5xfHilMy6+7jvWu67nRyG7noRCHVMfMt+FWn4PAkFgIwKPldC/eOQb3/VYyNRmr2ck79XnJnmkcqgk/5DpXWkGkCASeY2qeq1B3ksSb42FTUDgtCYi7/GaQ/3eYsTx7xrLtf1OG/IRI7temzQ+fBB8QtPWNlppTxC4AgQeK6GT6r5+2oLSUElVqiBd5OfYVJrke09pRI/kJVVxzO/n6y+Z3tW9kLe+NInbN7z3/bb1Zju4dRtpIJD4V47c6xLDOB5Stb7tL4QIxcErktv80Sv4r81NtLXshy2y6wn9+5wVOkZeGbRpbhB4vAg8VkKXolQYFueu3lda6lBbfpKO7Gv9EpM0S6pFjHeRvHAzB8In0Xs/2+Zfs6rebnIwe+fhYHbs00fKVrSLlO0VkT+hql56kDfSFtaFyFsKnO+3icT5EqwxdG5u99tOG9c8d8qBfyyWl7xuubVsZ9ezDewlQ/8u2efcKwgEgQsg8FgJHbRIzv7ZTeokUeplkh9JFek7ZybFQ0jePWbb/FIqFu61nMBJ98uCoDctJFrCRtgvOohbmy1GNpG3evkAzCYDu6CRwq+BxGdcLGB+ZHwB45cb2pEL/GWOvoUx/NiF85sF1TtdKLve0Q3PhUEgCFwHAo+Z0DeRuu9I6B8w1J/LUbyL5FuCJ807WvI/5EnYtLvaXQR9V93Im50fafSr+jm6tblg7ZL4Xf1jGhBep9Cs8BRfaxFVIf/8ExfOb+faWnatOKRdQSAInBGBx07oTeqvOiT19pz+/pHK1M5WP7oD/yZ5kjLybRW374XGmcw7PA6ZzuFwrTY/ZogRtbapz2vb8Enbfptt/ez8t5RNDV7vOyRe7z+3qtil11Ys7KjY51S52hjnt7WNVNoTBG4AgRD6CwYR+SJ1mc+aZBGjlKZ2D9ukCt81/LyYOdpRB/e2ou9SVc+bLlw6pnFiWxYhc8h6WVqdj6yZC9pu7/2tkfcmrGWv++bxg7GyUcyuxdeuMTvl7xZy8gtoV4ekWWhxfvuqOL+dEurUFQSCAARC6P//OUC6VKIfOiRrvyBHtm4SIA/kfZLNsJWazNlGTebqVT6oqj56B9kuCd51TdR5Yl8YAX4C3zTFo7/NCLN7aJy2bWAj/8CnVtX3PZIF10OPQ+4fBB4dAiH0nzjkLzXyqnNgajs4x7EfrqqvHg5z7NOz1NxJWnjOv+7YcOXFR9XU7O9WVV9x5j3CH93DOxZfHzI6LgxRJMFDlV7Ivf2GDWws5r4xUvlDDU3uGwQeBwIh9M3jTFJ+laqyA1o7XjmTXRq5e0XwLbF3khYkPkvZUryqQyKUx6AGv/S/5mWHlG7hxcFPxrVjzCP3abfFHF8JTm/S5c4Lud7AhqPlNTsg3gefXBsEgsCFEAihbweaqpzKnAqV+tzOY3OZbdVLVbn0nULfSOUc7DKZn+eBNka828X0K19QVU8+z61+Qq1N5PwiJO3p/eGd2Au5SOUXGozcJggEgdjQ93kGODS9ZFW9zEhGw9ltU1janKTlWyZJfp975JzjEeDE2FI5zYnP+/g6HH/HF/hINJF7NtpPgimGI2QWcvdBN9cGgSBwFAKR0PeHzaRNnSqpCZJ/sUHsakAgz7/SJC37I7DOMznHfeGkQfnIKS3sKVvcEjk/iVcbi7wmcv4UQtHscf8DwyRzynunriAQBILATgRC6Dsh2npCx587oUPIjq8tV94HgTeqqi8bFfBxeJMT2tLb2c22slTrFnWdiQ+Rk8gtKJhWkrr1PqOYa4NAELgXAiH0e8GXi1eCAI3JsycHxueMtL73iUvnO/FeU9QCzcwskTeR/2CiF1byFKQZQeCRIxBCf+QPwA11X1TC145QQ06IVO/CxQ4pfCM4P/KTePnh6DY7PPKT+OwhkYfID0E25waBIHB2BELoZ4c4N7gQAqRnzmofP6neP3PYtjdl2utmCUskjSNxWf34RpDG5w1uOmpB+OEPRSK/0IjmNkEgCByEQAj9ILhy8soRQMTPGMSuqWzabNtfOvLb+673uu9d7FxDCl+SuIRAXzIk8kQtrHzg07wgEAQStpZn4PYQkNzlKWNTlO4dYpfzXiF5OzbtYofE7eLm4GTXGQKTR+D2npP0KAjcHAKR0G9uSNOh4Yn+1kNS37WjHXU8ApcI6FuHVG8BEI/1PEpBIAhcFQIh9KsarjT2AASo0WVve/Wqol7vrXGX28ySvpE3aTzpeQ8AOKcGgSCwLgRC6Osaj7Tm9AgIaaNi7y1MH9s2s6dHNDUGgSCwSgRC6KscljQqCASBIBAEgsBhCITQD8MrZweBIBAEgkAQWCUCIfRVDksaFQSCQBAIAkHgMARC6IfhlbODQBAIAkEgCKwSgRD6KocljQoCQSAIBIEgcBgCIfTD8MrZQSAIBIEgEARWiUAIfZXDkkYFgSAQBIJAEDgMgRD6YXjl7CAQBIJAEAgCq0QghL7KYUmjgkAQCAJBIAgchkAI/TC8cnYQCAJBIAgEgVUiEEJf5bCkUUEgCASBIBAEDkMghH4YXjk7CASBIBAEgsAqEQihr3JY0qggEASCQBAIAochEEI/DK+cHQSCQBAIAkFglQiE0Fc5LGlUEAgCQSAIBIHDEAihH4ZXzg4CQSAIBIEgsEoEQuirHJY0KggEgSAQBILAYQiE0A/DK2cHgSAQBIJAEFglAiH0VQ5LGhUEgkAQCAJB4DAEQuiH4ZWzg0AQCAJBIAisEoEQ+iqHJY0KAkEgCASBIHAYAiH0w/DK2UEgCASBIBAEVonA/wHDiE0UGJoCBwAAAABJRU5ErkJggg==', '84b87960b6b220770eefc20d3f5179a7', '2019-03-21', '2019-03-11', 0, NULL, NULL, NULL, NULL),
(9, 'Tiago Cunha', '4f402ac2e02fa80448d0104b3758f037.png', '155.452.445-45', 'tiagocunha419@gmail.com', '(41) 2312-3123', '(41) 13123-1231', 'b40d03386fb8fd7dc6ca9c6f8d680dfc58d60fd6ea72c63f573cc5bfbb09695746a849c91517c235cdfeaca4e734208f184bc08aae06797748988e95928f80b1', 'data:image/png;base64,iVBORw0KGgoAAAANSUhEUgAAAfQAAACMCAYAAACK0FuSAAAgAElEQVR4Xu3dB7REwVkX8A8FFRuoKEGlB4NKEURR6aEXIZRECCAimgiiElSMgqIgYKEISSiionQsEGqQIiZEQSQGgiUYI6BRSJAoamzYzu9kvsN43XL3vd1X7vvPOXt239t75977n9n5f31eodKCQBAIAkEgCASBe4/AK9z7J8gDBIEgEASCQBAIAhVCzyQIAkEgCASBILABBELoGxjEPEIQCAJBIAgEgRB65kAQCAJBIAgEgQ0gEELfwCDmEYJAEAgCQSAIhNAzB4JAEAgCQSAIbACBEPoGBjGPEASCQBAIAkEghJ45EASCQBAIAkFgAwiE0DcwiHmEIBAEgkAQCAIh9MyBIBAEgkAQCAIbQCCEvoFBzCMEgSAQBIJAEAihZw4EgSAQBIJAENgAAiH0DQziRh7h51bV61TVa1bVI6rql1bVLxvvvvtvVfVfqupl4/0/VtWPVNU/qqoXbgSDPEYQCAJB4MoIhNCvDN3/d+IrDSJ6tap6SVX9WFX9r/N1v7meXr2q3rWqfnNV/ZpB5j+vqn5mVf2M6eVv8/T/TK//PT7D96eq6qVV9X2D3H+gqp5XVS/aHGJ5oCAQBILAAQRC6NebHvD72VX1qlX1q6rqA6vqravqa6rq8wapX+8K2zobYf+GgdM7Dg38Z1XVKw4iv+p8RPCI3et/VtV/rap/XVXfM17fXVUv2BaUeZogEASCwP+LwFUX0IeOIxL6JVX1K6rq9avq11XVO1fVmwzNEqH/6ar6/ocO1Hh+JvQPqKrfVlW/tqpeeQhC8/yjbbNsIN5/O4ShH6+qF1fVf64qZncCQb9+UVW9XlX96qp63R046+9/DJJ3/j+vqmeMFy0+LQgEgSCwKQRC6OuHk+n3F1YVU/EbVNXbVdW7VdWjhobJJMyvi5Bo518xNMX1V9jWkbRuVosPq6rHVNVrDCL3fw3Z/mBVfXNVPbeq/ukgcho2jRshe2/zurk6v5jljQlXh3ExJsidcMWM7+9uxkZ//PB88P+qqp5ZVd9eVf+gqv79tqDP0wSBIPAQEQihHx51+NAIBWcJ1vr1VfUuVfUbq4qGqCGcnxwk8feq6iuHmfe/P8QJNYQbxPrEqnrvYcn4OcNygax/qKq+vqq+cfi6kWyby2F5lWacCApeCJ4F4FcOYn+bqnrLqnqtIRDoH7kbHy+xDn97CGDPSdzDVeDPOUEgCNwFBLZO6DQ4miFCZs790ZULNgIS3ObcN60q/l6+cSZ2mCEemt6/G1olH+3fGkFZD53In1BV7zOi08UXwAtpi0b/gqr6tmHJ8D8Ev6vRuN9/fPFFV/yhGHuuES9CmQj6t6qqtx1+fJaWFsiM2X8YghjrCoJPCwJBIAjcKwS2TugI+fdW1ftV1VdX1dMGqe8aJJqd4Db+Xhqmhf/RVfXIofU5pyOqf3j4x7+zqmjlTLgPNaIdcb5hVSFypnXpZgQic4vQA58vrKq/W1X/aZjamcD3NWT+VcMK4pgPqqpvueavyr3MBP+Lq4rm/uFV9VvG+Lon40tI+46qeuowxx+612veVk4PAkEgCJwPga0TOo3sT1bVOw3N0GcEo1ngf/4gcURO+2ZKl0oluE0QVjfaZAds8bt+XVU9/wGTeOPy2sO0/vhhBWkiF2X+XVX1lEHk8sf5zI+1JnOCFM1aExX/vcdOPPH7zk54leFz/x1V9Z5V9QtGOpx7Zc35pqr6/KpKEN2JAOfwIBAEbh6BrRP621fVJ1aV92dX1WePxRmRM6kL2mJSF0gliAqhdGNWp1Fa2P/J0BKZYhUzeeiNCVsswZOr6o2Gz9pcQoTywWm3IsoFCa4h8sbTOTOZf2tVvdeJfZwyNu179zzt92fqNz+MP1O8ojVcBawMD9WdcgqmOTYIBIFbQmCLhE7zpl0jZ77vP1BVbz6iz2latEhmdEFTsxZuCJhckZBCJTRy5EQbFwkt8O2hN5HliO9JVfW+VUXDhTd3wz8b0f1Pr6qfuAL5/Ymq+vhJMydMGbd/cUOgC6gzZ96iqj56ZDBww3g2z/O1VfWpVcXdkhYEgkAQuHMI3HdCd/8ImqkUuViQad7ykvl1+UffeByzC3zaIwJH1l7/Zmjw/3AEcfn7ofrGl3jxO8sl/9iqYmqHuyZP/IuHaVr+OC32VL8zbf9vLCwk7z6sIleNfL/qjw2JqzHAx/77RyCdvrgRRMH/uRGhf+ozXvV+cl4QCAJBYBUC943QaVHMoYjbS+qYdDJao4IlXtKTmmxmENqELudYoREv5nT5zzR3RWBoX/zlaT+NAF+22IKPG64L5mmaOuJ+VlV9WlURgATAXYXkWEoEobGadPvDVfU5FzS1HxtfvwvP7d4+pKo+ZsRaiMpXgY4A8xdGZPyxvvJ9EAgCQeBGELjLhN7ad5N3F3Xh90bc6n/7TJvq50AotO7exMPfAt5o8DRJPvC/M/yiTLkqkUUD3z/VCEsfOYrDsHx0oJpccgFvXz7M0fvSz9ZMYpq5LARCgibO4ROGwLXm/Ese457adcMd8GbDt86qIzhSNUBumbQgEASCwK0jcJcInalz1r6Z0GnbiNtrn/ZNU2Qup3nzfTP70rSRjv6QBQ1T2tSfGu+3Dvwdv4F9QW+ITFGYzxhR/qwZV9HK+/F/50glbIuKXP7fdQc1X/n0rEBM8B880twIjnLr/8yIs7jjQ5rbCwJBYOsI3Bah0/SavL17Kf7S5TsRuM+z9t1jQRsUMNUELgecuZx/k7bEjN5+1znKPYS+bjYrwCKQUI62cRH0BnNuic8c5MW8fl3LhjGWx883rwmqk/svD/wuNjiYowRE0f3M8XBh6ZHaJhI+7pq7OHK5pyDwQBC4CUJH3m02RxC0P1W6mMtpPXynNtmwWHad7xl+xIFAVPJC4p1GhsC9aOP7UqNC6OsnMguJGuiizQUTKp+qddCbCmod9La+1/1HSklTH0AjoCFKVeTucutSwOaVmgZKAXcUvMJFn5JtW+/y8OXegsC2EbgkoSNxJnOELVeZydzOZDRAWhmNZ260asSMvL3aD47EaUHMmwqM2DXL92taCH0NSi8PLnxcVf2RoXkidyl8th/lJ5bDf9Wgt113IMjsz04++T84ctdPyVlf92SXOYqQqn6B4D2R/5r5Kkjwk6pKKeC0IBAEgsCNInBJQrcT2R+rqt80lU71cHyuveuV9yZufnDat8It/N80by+pY2sJfAlea1J2RovJfffU4toQwW5r045gZ/YW8CaS+0WD3M81MZnaVesTrKjxm6vUJuvgPjXWJMIpnz/fOotG7yD3V8ZmL6wbaUEgCASBG0HgkoSuhjrzrdrezJIIW9CaF8KmddvpShrQvxxEzvR6zqawjEpxcopFtzOT8tumvTy1j8Dzx0cBF38bJ75y2vM3DGHrnHngrDZM7YIUNeOtSp/xv49NFLzof9XlRMErHwxDQipr0iePlLz7+Gy55yAQBO4ZApckdP7YDx37hVvglE9VcU3gGhK/TqrTWpjV50bo6oGry43Q5Uw/9CZe4beP/GrxDLRNMQr8wJ8+CPYSZU7hj/g6VuKzquoPTUGM93Fc2q9OaJRuJ/5A47IgvNDelY9NCwJBIAhcFIFLEvpFb3xl5/ybCJ0Pn2lX2tpD32hDICJStcUpE7s5IC5BBTQ54Uzf59TKe6iY2m3Y0vXyaefGRZbCFhq/ugqFv2cISp6JLx2hR4jcwgjnGYLAHUdg64ROC0Xooui/bGjoN1Ub/K4NPa2Y9sgM/JZVJbdabMI3j2pvLCiXTLsiUIlk77YF7Xw5xkzwXAi/b2RyyNn/S2eOQbhr8yr3EwSCwB1BYMuE7tnkUyN0AVh/cRC6wLuH1gRsqY2OzKULIncBh4Le/urQyq+bV34IU7XabW7SBWS2pp3Pzw5bm/50eVw14NOCQBAIAhdHYMuEzpyMzPlokZWKXlKwLuEbvvhAXeMCKu5JSYPFI4aJXQqggEWR/5cmHCZ2tdrtnNbtL1fVEy5k2r8GVLd6KqvJ3Ag99hlICwJBIAisQmDLhE4TFYT1QaM4is8qej2kxjJhcxGxA3LNBSIiV+mEz7shU7Dd2UTNz0WD5HC7/kNvqvGJ8xBfsNxQSByD6H9WFO6KtCAQBILAQQS2TOiqkCHxtxopREhNKtZDaaryPXaQqdQqmQbM3tLU5Ppf0sQ+YywIUfBbN+T0gTeU5dDX9MzqxnM5yBG/7YbA3RNXhHHqTW+W90UAk32gwA/BVC39tCAQBILATgS2Suj8l6KNmZWlZSER5P6PT5wHAsceM0qiIkPa7X1ofLii2P98Vf3yEfz2N6vqj1bVS27Q1E37/IqFdv5bb1iwUpWOMMf0L25AJPptNnEdCvmoljhr5VI656ZWvLx2TcEamQiK/8QMf5ujl2sHgTuMwFYJ3aYufMaijS2Gcqs/9QoV5yygcouVrH36qNUtGvwuN8LMo8cuZqrAiRn4uqpi+laL/Tq7o5363KK832s6yQYsfOmXjKaf71GVwmdMVelsn6uC4W01ApbKcl0lj5+cSZ3VYIkJF4X4D5YF2/8ywSP1d069+Nsavlw3CNxtBLZK6MzsCN3ixw9JO/+SE4dC7XlmUVqmuvPSu/Sz1KSOdStV7KNHTfsvriqvS5pO3TfTMg2dydZ9q5WuuMlNkjkN8wULLZR2+jnHADvj9/K/32Lq7x1uaftc1gG7sRFumNg184iQxWq0bz4gfkKJ1DfaOlK3AYxNYeDLDB+N/YwTJl0FgfuMwBYJnYb6EYOMX7OqvnGYXE8t7vFRQyhQVU37wtGP2vJrmkVcHrwSuMy8NC73gmyVBb1EU2b3icOqwC/790dhE9X5LlEs5tAz2KSEQNQNbm94gzXbmdppxB2M99nD1H2TG8CYAwLfWAWU2Z33fSfkqZl/rGKicXzvUfQHlshfP56LG2jO7b/EnEqfQSAI3BMEtkjozO1858ztym8qYPJpo5b82mEhCOiDuZOAoFQtIpZutYYYna9CmE1H+Er1oVmApc899wLpc/z9Fv6njq1oaeSeW575TQXAzfiqCke77PakYV5eOwbXOW65AQxTP1K9yap0yPyrBgZiGjrwjWAhffKUfd8R+K70Qmb63ua28XJdgoxmN7hLWoOuM0Y5NwgEgTMjsEVCf9thGmdeVRVOQNSXnoibGvDM622utfOYfvgwjzUmb9uQ2rDDYjtjbAFW2AapK3RzrLEOMK0i6x8fgsW+PPo3HuZYZl2+Wc8s+OqqO9Udu7dD37tnAkWT2E1r53NVut5r3eY8a4SxmRiNofZFVwDD/BGEOEewI1jmc5HrpzSCEQFpV5vnVwsRfgMaC8lnnnKhHBsEgsD9RWBrhE4TZnKmXSuiYrMRC+sp9duRp1rnFmNmTUVYaOcCvI5pusjcefzu+tEQsD78LSAMqRAOmKT3NRr+7x4+Uvnjxsm+8Oqt7xIEkAbyQRa0QduTfuSJz728F/fADy8wEFFwOaz1/ysaw2fc7TNGgNdN/FJgL16izduwFhB5iqm9ibF3heOr/pYTbp5AI3iy69b3qeroP/+EfhzK2vA1o8LfMULnk2eVaSHCs5v/aUEgCDwABLZG6MgPmQu+og3ThJHgKVHVIsQF1NFykHGb7I+ZLlkEnlxV9l5vMqdVI2BkguQENunHIqvfXW3W8JFSm+sPCQKPGveMeBA/14B7OSaA7Lo+EpKqJ+1P/jgrg3uQw7/W//+VQxDQ/02WeXXvzxz11F1b4Jlc72NjN+PQZG4eNDHarW9t3IPzbXLjustmR7Znn7CuEE6Y6AmnPQ9YOzqdjSsB4WuuS3B9ral/wthfP+F6OTQIBIF7jMDWCN2Wrcj4XUf0MOI8pcoWE7cqagLiXmnsoU6TftaBCPEmQEFONuZwnobM5WAzeVtYX2csyof2ZacVI2JBfS0UdF/S5j53bD87TzkR+MzszMIEGsF//NW09FPbI4fvX+EXfc3V3ZSJhSfCPNTg8YODhBx3k5uwzNuzEiSQ8loi7mfi9ybQNJkTCgh3azV8lgzBkPP5XdZVgKQxPNZgSCgVh6Eo0NwUBXrt8Q/z6/HjM+2c77yJ3/MTBBQUSgsCQeABILAlQvcsHzYIHXlamJkcaTFrmyA2AoHzNQFm+tgVwIRwpaTRvN9xQYDIXJlZizrTufSj3qyD+ZlZ1Dalc0OmIrM/eMpT9j3TLS0NodO+l1HRhBDmdfdt8eY774DANc/tOQSMOUdJVjXwWQbg2ZotgkHosPB+qM3EglRojKf6jNfc9/IYfmZ55m3mdq+Cz45Fkc/9wN/YzJvIwFN8AsFQzvihhlAJg9weGmEAXmIqtDWuB8/hONaRpcleHy8dgZY+myviOzREP2vn0uHcd1oQCAIPBIEtETpiUgSGD5t52sIsZ3etZoWcuxwn8kXKtPOnLbTzmcilItFkEXdj6TwETEtFksys/Z00MkTzrYs+mdlp5vzgM5nKIafRIQbm/1155BZ+pnBapSBAzyyyfU0jRLhHFgTR+LN1gUDU1cnk9a8h9KXZVyAXXC/dXPfbpyDGq5jal5Hx7pnpnLUHQSvK05rxrueREWHcO8/cMe873D2K22jGfZcpvvujlZsHtPK2jswmdseZ2+an/9uvgBDHNG+8Wjt3nHk/W3kuPQbpPwgEgVtGYEuELgebyZWGRKNGnDTsNY2pm6ndotymUr5OfXzb1IEFkhWAFkqLn4ncYU3m9l53HzS+JkmELOKYoEFz7UY7tojTzHoBRvy0PaVmmewPaZnMynzm7oeZnVn3+488dJe0dX+08hYi5mcQ1OY7QhLBZQ2hez6k1MRiUxbPdunGzM260iSISFk0TmmEgA6Ccx7CtFNdEzQi5d7Y1QgUMG/LjmP0BzffvXictCvNzFeECeNN+JmryKkUJ9OClWfZZm1/WZGvj93S7/uUscyxQeBBIrClH7zAMITO/ytv3Oc1G3EgN8SGeHoxNRlEjCP0F42Z0WQuFUyhmFkbcgjtWBU0NdPlg+tvXuCfM/oTXNaaNjIXUc/HOmvHorJp5oesC0ztCAChEx40Uf12Vzt0XmvlcKKVz35yffDLdoqeuutwfLNhzvb/felTBBIa6KyhIiI4XrLReEWBz2ZuRHpKIOSyCA03jbK5S2z2/V4IFF2zoJ+1A+nME/nvHcjGGtPV3brwjDlFK5/97krEqnIoJqID37pvwoax1++uinwh9EvOuPQdBO4oAlsidBHeyIcZ0kLn85r8YeZm/mdVzGY8mLH10bnLTNpM8gLflmTOz00bFTz3oSN1zqYo83EIWn+0eMKB6yrJKpVp1uJpxrT4HzswZ5xPE3a+KHS1vvm7CTAC4na1Q1p5H+/ePLd7FSEvuMs9E2CkgvmMZJZtafLu75XenS0c5/4ZIDNWDEJKt1O1c32wbLT/GVmqrKcWwbLt+r0QZJj7W6BwznJHuW+qqncfnbXfu33lyHpZ2x3+NtExh35oh2AhaJJbxdxcVuTre2YF2uWDP/cYpL8gEATuCAJbInSmZilrFjEma6R4jExoOUzKtLzZnErDp40yZWtM8o6jhc1aGzM6QhHJTauTAy9ArYPgZqJsfzzyZbYXwYwo5+vytTqOufZQ3XXCBSGESRzxuiduBoF4c7nVvn5bF5hwuwztrinY2jn/v+Yekbg4AYIGTBTGWbY5unz+zk53iOlSjY9b6dMWnFgIWEdO0c6NMXO9PpAgbf0pC4Lu+9/1e1nWi9eHqHhCQTfWGvNRI/SZl6wqs698V213VhRjMjfHscp09DphcqnBO/6m4hcuNbbpNwgEgRMR2BKhS1mjHSv9ancxddMPRVczWQugs7AydXYFNuRnkUZSNCtNTra/EVQ3pN/FVvi4EbkX8muTd/vE9eN8WveukrD6tDALaENSh3zmtFHCBU0PkbsPAgeiRURNHPNUoB0ieqZ9xKXQDdKzycfstxcVroAKIYFgRECi8SuhS3PX97La2jK6vK+L2Ag2p1RnO2X6LiPSnet5PNvaRkCbyZvFA77GUUOenXLm7+XvxbN/50LI2xVdzwrAzE6YMzdg39pz77hGK1/WdiegERLnJqNC6qOm310avO/41Qk3aUEgCDwQBLZE6KcOGRM9LZfvHSnS6hEjrV2utYUZyTI7I/T2m7dWLqK589MdQwsTBW3BpmkjSkTqeNu3WmBZEXaVhGUup+V7/eSBB9EnsnGtFi6adPZp6J6Jn56Ztjf0IPCoAsdHbg54Tn57/v8WRqQ8wcf92jUNHoL95rY0tSMnpKVdUkPcFZEOh7c+IU1NH8hYHIFGuydsEeY6DoD5nn++2/L3onIeIbLbvuh6go1ryUiYm2sKsOQi2lX8htWHK6gbU7688x6jZUW+uW/Cl0DPtCAQBB4IAg+V0Jdbo9KEaMaI+7EjEA5Z84tKO6N19yYtrZVLY6K5zr51f1vkCQdIXvU4ZPg9Q1ig7e1KJVJZDWEydR8ytUsfozW/07gfAXtS2wRQubaqYILi5jbXpUfcoqlZJ5jfvfObEyRoiLMwIRWKVQFWiMf9LYvViLRGggQFZO76BAcN+S/v5Rw/K0KE+5kj0vXLjQH7NU0fyHcmSwKOF61d6yj1eVOU+fdCOzZe7TvfV8iG4ACnufKc/lk8ZGEQxHZZMZwncn528QhOnE35s29++dwp+7pmJuSYILAhBB4aoSNTGqtFG/EgNOTLb42saL6ITpAaLQiJ+wwnWrwysgLPLPKIV5Q68zeitvDSzC3UAtWYuEVbM5978ZXrC4FKqXJtBEIzcw5SPVSq1fG0OS6C1oIJIgQPxEDTZFmgwXcxnWVdeiTLREvLE4FPCBCZr0SuojUtTHROPzw8164CO+IOaIytzYpoF1jWPnzuA9icu81CRPc952SvuZ6cbQJL+96Rt2flpmmC7uC6WcCafy9L7XiXqV3g4jKCve8PGe8KvOvvuT9YVrqxCJmb7Y7pdLguggMDc0mQpcY6RNhLCwJB4IEg8NAInRZngWUaR7qqtcmd9vKZWd3CTrteatJMphZtEc0af60FV9lVRM13i8SYs5l+masR+txoyIQCWrv7oN2rv63fQyVqacnIgfm7N2uxWBNEmPQRsohyQodn6Ypm7pGW7R4dJ6bAvXbQ3r5CN0zDznO9XQV2kIlgQJvNaO4dZp7Jc2uX0BCRsMyFOTXOtVzz0GY38xiwcIidaCL0HfI2lr27nudhXeDr3kfotOc3GR0vTe378soJg8ZR0zeBbt+mL8tgN9YZ49WNMNkFa/yPgCq4j0VJYx06VtVvMT3zZxAIAvcZgYdG6BZTRNVpQktTN41NUB1CtoAiLqSIuJhUv3sQNtM00zwtFfFbfPks+aAR51xT3vzwPwRMC9cHjd59WHRp2D4jyGWbU82ky/nbmOmL8KAvpVo/fNLwlT9lghck5x6RHYEAMXk532tfoRv3wLfuPM9OgHF/86YiLAXS9Noc3KZgxzWhCzA759adSFIcwuvtwGnO7T70ezReXCtzOhdrBlM9K0m7DmDd6Xm7CH2Zt97a/KG8cpgJjIOJ8dIIgTBeNvfJWjBXi/Pc7TtfClRcEIRD1heWHE0evdoIaUEgCDwQBB4aoQuAQ3I0MSQsJciCPpu6YUKLFflOi6exW4wt7MydrbXR8Bxj0aQhq/ndkfI0SAFwSA3523GNmZffXR8099bg91Vg21cAhlkVmSMGfblfAohobWlsTOd/bfRv/+02my+n9K5CN30M06778xxiBmjbTLrdWBXmAC/Xfd4g/ib0U7TmYz+39psbt2UNAONHUz5Ws31XzrrrchG0u8DfvbVt+7WXhL4rIM88YT43T/bllXcEO1cHrLhN3LMxmmvEe1ZjM+fWGwMm/m7LyngdAGceNz7m8DFMjuGe74NAELhHCDw0QufHpuUiYv5j5HzIbw0fZnjmTNHM/O9z64IytL4599l5FnmEiBjkDLff3fnHCJ3mbkMP+cxzWVbn8r0iHYF23Vgc3B+t2fGipplyEd2cdjWn5nUk/9IygEiQsbQ4VgmaK+FhDtz64amu+bwbGcsAstFg8rgz/RZmAnNPhJquvIaQ+ZuPNZaLDibsYwkp8DS+iJBwIBVtjjhfEjptWD9zY70QYGccWqvelVfuHNdh9m/Bx1ixBnVFQlYOzzQLLoSFTqFkHSDQzYVs2l++zz1wDJt8HwSCwAYQeGiEfpUhs7AiZ5oV/6S0NloUMmcCfu6kma/tfx+h65cv2lasTKxdQa777RQ4FoF5tzbjSAO10QrtWqOduXdCjPO+duQv89siAL5+5OH+58YXj2yQjK1HCQ/K1c5NGh7rAwJk6rWJiybyHJFp/scict223MGMNs3f3WV1uTe4Hg41BOqcLq3axwqwk+fdPnkxA8rnzm0mSdYdgYXLfmDdRH4or7z7Nc7uWQAbQUnVN0KFGAGFbpYV3sw/AiNhg998LlGsz/aXh9CvO9tyfhC4xwiE0NcPHnK0kHv5TMNHlFcxa+4idBqaFDD58SLWXYM5Xz736w9BwpaYHUC3TG9zvHKyCLC11346JOQ8AW4EEn5bZl3+++U2roQJhK6KGS278/FnpBCKF5+uYjmtvcOGabnNyTTLfUFfa5Bf7mAm0pswI/ivCZTF5VDt+l1+c9dGvCwPrSkTTsRKLKvMzThLGeNf39cE7OlzX175fB4tn7avseBIGxTUttz/nICEyJny5cQrbbxsTfgh9DWzKscEgY0iEEK/nYGdg+b40AXTWbR7+1QExRTOtyq4ifmdBs4igGCR8dwEQjFvM3nT+mYN0iJPCxfhz6pA60eGBBFCyUwCXAq0WUTqO6ZsBHqK0ILQup58F7C5Csq0VeVmu/CLyHPP11qqPpvs9vW/z2/ueAGKrBEdCyBgUgrfss34tCY+F9Bhtjd+XoLeZBKsqY5njAhwBDCNYNWWgrn/zxtxEJ5fLnuXqO3URef27ziEfpWZlnOCwEYQCKHfzjx0yUAAABIUSURBVEAypzN383vTaGmFtn+lbfLfCmqT+/3SsZgjSAs5UzdCb63a8cytyIiJnF911xafyFkgG8ISCLhPoyVQ0FhViZMi5R5bi1yLlFz0HxkHey7PiOxOaZ5HDntrq4hb6h2sVD/jQ9aQXe80t+yf2ZqFYek3dxzC9Gwdqe9vG6EsrRWO3VXohzDQ+wQIcHOe1ymCj74ROHM73LvBm0BgH3aNS0C5V64NQoB7JbzNKWsh9FNmV44NAhtFIIR+OwOLeOVCi3BuPznCZhJHugrGIHPpWF1+lfm9y68imY6Ct7hLtdMPFwATPfO9yHd+ZkF/SN67/mn5tO7lrmkIEIkSHmjwTxukh0RPaZ7DlqmdmuU60uB6y9BDfbkHWrkc6/YTL/30c2qcgD0WhV2Nf5z7oK0V+umiK4ief7/zyBG0CPVdbUnoCJVW37vhHTL3r8GN0CL2gGuAe0LcgpoHbVrnFvF9582LXSDs+X8HPHbaXjT0NYjvPoZAJ/1SjYiOCbl6bzkzCNwCAiH0WwB9mEiXRWyYw/mImVa7aptFHqHze1vkkZkFn7amIpx0sY6C781ibHMqQp3AIEed6f41RhS2BR/pP38EX9HWf2JAQAt0LYF/7kWhFsR3qBTtPvQIEqKyO+jLAkkLPUTqvvd8BJUmr66v7vw2Y8+Evq94DTO2Mr5twiY4cVu0xk/D93fnnSNofu81hI78BR6uMauvnV2EDkIeX7pnNyYdI0BgaKHE/CB0sQZIkzTOWm/J2mOVrVPXIc8qZt5zvZj3/iZUsYoc2thpXe85KgjcMAIh9BsGfLpcF7GhidFGabIKgyDcXphFvCNZJnpELbhNoJltNVWMs+gz0YtgZ35WvcziL+2Jpo0M5Cj7XnQ4PzqSp60jD7XIacSEBGZuxEDTdx3EedXCJJ6Nv1fEOF8v8kPKyGhZEc9iSsuW9tXBgGBCXjaMWdY6nwldRDi/ejcaPjJX2rbJXKDal1eVtLVOBbNYtwXgGEEvBRpVBveR/zlmE+FtWTNfvx1D0ERDYDHmGm2dkOIZtUtujHOOZ7ytPl5lBD6qZ8C6ITjU76hTWc0P6ZwIvbcQvq17zXWDwMkIhNBPhuysJ8CfOdw7kl1qfYgZoTsG6cpltxi1Vq7SGBM9bZhWz4fLh430mLxp7T7zyVu4aCM0U6ZFzTVpe4rfMNsje+cIhkOWh3L0jwFBsEDqNmxpUudGkD9PC0K+LBAEGkQ+V0VTRIUPf5eWNJc8de/ImgYuChxWcvc7RxsJ6str17ayzPAI9JA2NhM6i4Hrn1M7X+IoJoC7Y27u03PN7g8mYpaW3pLVM3SVuGyd+nL0YCMr4e2GBs41YW504ajep8GxHWciTuXYFsbH5n6+DwK3gkAI/VZgX3VRizOC6qAvC47WG7yoPId0LfY08SYepkPnIe95X3djjWSZw6XG0WyX6W2uQThgUr6qdj4/XJM6n3pfy72yDtCGLK5z/rZa56rqufY+3zRhhrm5A8n0xbrBnE4waPM0zVxteSSoVG4HmfX9MUvzTSPFQ20mdDn8Ivcv2TrHv69hfN9vx33CTzZCF/KZ74m7RZzEQ2s0cMIqzZsG7jNBtdNNzbV5zRO0ySrmd0LItM88obMLMD00/PK89xyBEPrdHUABW4jZYj43ZNfR6rTypRY957jvqgbXhXIseBZ9Gn/Pg65qZ5GjpdCur2t6tJjyi9OSEdCcbuW5Ou0L6Qvm40I4pgEjb5vcdOCd49ucjqj5/wkHFmftxZP26u+OFLeIH7uWY7gFejvVZZ76uWdQX6/v0/gjml33SSAy3lwWHSDHiiDlb9f+6ue+19vqDzHzd7PuSOtknVFDwDzbp4G7V78V8008CkxZgQh8hEckPgvGt/VsuW4QuDICIfQrQ3fxE+eAuL6YBUiqlUV7uRNYH2NxY2ZX1UwQmsAxxDw32j+fucA6vmTzYA6+svDpX3AWs77tXi2AzPFXaciWiV1eOBO3e9TcH4sA0/kaIp+vTRsnICAzQgKSRuIEA6VpOwVN3jqf9Ez4MgM8z5oIdVhxHagX0JHtV8Fg7TmirLuOu7gHG8ccuk8CEyxYLmDsHl+y9mJ3/DjPJGZBRgLyhouX/9HGEXtvS8xy1e6rfixzwhxTh8FLYaCOU4Gp1zGB7o5DlNsLAj+NQAj9bs4GueXyrfn+Oh0NKUvFahP7vjvnB6fZ8yu/bFQgY8btRR5BKWiCzPnVLWp2nZMrLtWNINA7mjE3d8172i5y559FhlcJDEOqvamN+2/z+1VHQeAbF4K4AVX0CAWzYIDgVFdDyFpr5mvJvO/LPV9aM+9rwbvdEMaSS2Ftg+99JChatXH0EhyJvL37GwbwmF9L4oYP3Fh4xGiYp4ovCcT0G/Bdv64TF7J2HHJcELgVBELotwL73osiIOVb5U9L+eocdRqynGtR7McWJGPK797lWxV5EQ2tgIngN9HRAuMeMQiVBkjrR9CifaW4qfUuwn7e2nMmd6Z+C+Z1yP1cyCMxi/0uLZalgj+5/eqwheUazfxc93dqPzRKY09wa0vGqX3cpePNYX5s80ogH+2apUZMhZfPrERIeg1xezbmcdYiQpyX4j7wYp1o4jbGfitXSbu8S/jlXoLAagRC6KuhuviBTIk0ZylpTKhzxTdR50znayuR0Wxsm6o2uAWVlmdHMAueaGnfW/iazJkhW7NDkIjdIisqWIU2AWU0pm4zuTNt80taUAWY0Yq86/MU7fISAPOlyxTQRLx/yA1q2ld9HqRnjKSi2W73rjbky+xtrnrxaSNoxN3vnkW8AwtHbxRkXs8v/19uidvPLKuD1k0o5UYxt9RI8C6qv8sXm8s+30frxF0d39zXPUQghH43Bu3QdqnukKaJ0Nc2C6TCNTRxmjaCtujRWHpzGalstP6ZzOf+zQ2LtsWYj5rWqOIb335XXHM8creQ9uLqGq5lMf7RUXlLIB/f8AvHS8W6m2hM8SrAIQUWilOr3t3EPe66xk2a+Pv6BD9CHJdMv5BxZw80cXPT0LiRuTnShNyEPRN3f3donWESNwfNEfODpagJnABqPnmZXz23fI7mfVuzM9e9swiE0G93aBCtqm/KecqXtajyAavuxvyO6JkWkbkUtVOaxZSGJBJccNW8l7s0LmRuC881Ws1M7vydzKTM8SLkRRfT3vk65zYTvQW4F2TvtCtaFr8+cvfio0e4/dk70/51WgfjueauOu3X6fsun0sDNk5IF0nP7z4jZaRNq27y7pQ/584kve/z2rXD/BK7wNpgLiNvaYYEPJ8JffPcmAl8zdy8y+OQewsCN4rA2h/ljd7UA7kYMle5Tc43bZo2zJwoJU1QD/O7jU2YGhE6DfPUZnxtral/+enM+jQhQWEW1bUm/OV1O7KYtk8IQRL8vfJ+EbwX7Xhfs1D3wu3zvhdNn9m+Nz9BDF7z3/15fncMC8HyuFPxu6njYUiAQ8L9IiDNf/dn47n8zt8CBJE3sl5qz61JLzXqJusOMjt1PTB/CF00aS+k7YWkvfuflMEOVJw17RbyQto3Nctync0jcOoPePOA3OADInP+XWRrYZWSJi9cSho/pHQsPvDrEHo/jv6Rb2+beu50ndbgm+Cb5OUIi5j3bk93nxF9l2VdA3dr+t6Xn9f8PR+DPDrfGAYEhn6fP58i6HRQ3hzUNfuIO9Crv+/vYNRBj/A75eWau47v/+/zSa/BG+kygyNqlhRWE5aUJuf5vXO4u8rhLKTN/4t5fA3yOSYIXBOBEPo1Abzi6cqHInM50hZfJnB1yxUvQTAqmIlSf49FtbcrXu5WTmuSXxIay8SrD0GGybf9tP3OP9ufTyH+tQ/ZgoHjm2jm96uQz/w76s+7/uea+/6/9v7XHmceIWWZDYh537tj+jh1B3o/9xaE2noyE3RbWKJdrx2NHBcEbgCBEPoNgLy4hMIqHz+qj9HQkLmNNfizWzOUfy4QThWwXdXebv6uz3vF1lJ3BVTN/4OPgDzE7r1Ny8zT/T/v/erv+93/fXYuU/Vdbcadm4B7Yd+LC4Hm7Huf5+P8v2vyI2QmbnnzCHdpoTj2v5D0XZ0lua8gcASBEPrNThGBaQrGqHDGPM1njsyXm0HM5VtVKOND9/4Q29K8PP996Ls2Sc/HECQQe5u720XQtb7bLTGnDB7DvLXVZWBX/z37jftzZwR0PnxbDa7zviTqq1gajj1rvg8CQeAOIxBCv7nBYWr+mJEfLnhJxC+fuej15WYQIfTLjUsT/Wz+3vW/U+5gJs9TPod0T0E5xwaBIHAQgRD6zU0QVcr4xaV40czs921Lz11bdyrkwuTOx26Paxq6Pa7TgkAQCAJBIAjsRCCEfjMTo4Pg7IjFnGvrUyStotouLU0xGOQvKvxLBrlLM0sLAkEgCASBIBBCv6U5sAyCk56mlKttMvfVZZeuhtCVaJV/jvylr6UFgSAQBIJAEAih38IcoJnbHITpvIPgpKfZ2ezQBiGKyjC5KxLyBYPQFetICwJBIAgEgSAQQr/BOSCaXblVpnPlV0VVq9AmCO5LdwTBLW9NURkaughtJVqRe9KJbnAAc6kgEASCwH1DID7084+Y+usfN3bM6l2mpKfZolR62rF9tQkDyPwjRl1zZP6557/N9BgEgkAQCAJbQiCEft7RfJ9RNKY3WpGOpnDMZ43CMcv0tF1Xn6vE/cDQzr/6vLeZ3oJAEAgCQWBrCITQzzeiqpd9QlU9adRMt8HKU6rqGVWlpOba+uCPHRq6vcjVdaehC6RLCwJBIAgEgSCwF4EQ+vkmh61Eke97jgpwcsw7+G1tARHFZwgFTx5CwVNHQNx92cf7fGimpyAQBIJAEDgJgRD6SXAdPNjWoXzfzO7fN4j46Sd2/0ZDKHj/EUT3SSOIbq1AcOLlcngQCAJBIAhsBYEQ+vlGUjQ7DV10u40y5I5/+gnd086Z62nn9rP+htHH957QRw4NAkEgCASBB4pACP18Ay/F7GPHtqh29/r6qqJhP2flJR4zNPw3HTnqhAFpboSDtCAQBIJAEAgCBxEIoZ93grzN0NIfPbawlG4mwv0lRy7T1eTeZfjOj5WGPe9dp7cgEASCQBC49wiE0M87hArIfNRIXXu1sW/1s6rq86vqOwbJL6+4rCYnOl4xGRr+vtKw573r9BYEgkAQCAL3HoEQ+vmH8BGj3OsTq4pf/Keq6mVV9cKqevYwwds6VdEZRWiY2l93qiYnOv7LVlSTO/+dp8cgEASCQBC4twiE0M8/dDAVIPf4qnpCVT1yXIK2rX47gm/NG+FfpZrc+e86PQaBIBAEgsC9RiCEfpnhg+srV9WjquoDqupxE7Evr6h6HHM8X/szo5lfZkDSaxAIAkFg6wiE0C87wvY+p4G/alUpB/vmVfUGVaVeu/aCUUnuu0Y1Odp7WhAIAkEgCASBkxEIoZ8M2ZVOgPMrDj+5d0SvKQdLQ0fkKR5zJWhzUhAIAkEgCEAghJ55EASCQBAIAkFgAwiE0DcwiHmEIBAEgkAQCAIh9MyBIBAEgkAQCAIbQCCEvoFBzCMEgSAQBIJAEAihZw4EgSAQBIJAENgAAiH0DQxiHiEIBIEgEASCQAg9cyAIBIEgEASCwAYQCKFvYBDzCEEgCASBIBAEQuiZA0EgCASBIBAENoBACH0Dg5hHCAJBIAgEgSAQQs8cCAJBIAgEgSCwAQRC6BsYxDxCEAgCQSAIBIEQeuZAEAgCQSAIBIENIBBC38Ag5hGCQBAIAkEgCITQMweCQBAIAkEgCGwAgRD6BgYxjxAEgkAQCAJBIISeORAEgkAQCAJBYAMIhNA3MIh5hCAQBIJAEAgCIfTMgSAQBIJAEAgCG0AghL6BQcwjBIEgEASCQBAIoWcOBIEgEASCQBDYAAIh9A0MYh4hCASBIBAEgkAIPXMgCASBIBAEgsAGEAihb2AQ8whBIAgEgSAQBELomQNBIAgEgSAQBDaAQAh9A4OYRwgCQSAIBIEgEELPHAgCQSAIBIEgsAEEQugbGMQ8QhAIAkEgCASBEHrmQBAIAkEgCASBDSAQQt/AIOYRgkAQCAJBIAiE0DMHgkAQCAJBIAhsAIEQ+gYGMY8QBIJAEAgCQSCEnjkQBIJAEAgCQWADCITQNzCIeYQgEASCQBAIAiH0zIEgEASCQBAIAhtAIIS+gUHMIwSBIBAEgkAQ+L/akoQjbtzOzwAAAABJRU5ErkJggg==', '3bf2bab351b81429437a1c168cba05d5', '2019-08-06', '2019-03-11', 0, '', '', '', '');
INSERT INTO `tb_usuario` (`idUsuario`, `nome`, `imgUsuario`, `cpfCnpj`, `email`, `telefone`, `celular`, `senha`, `assinatura`, `hashAssinatura`, `dataUltimoAcesso`, `dataDeCadastro`, `perfilU`, `facebookPerfil`, `githubPerfil`, `linkedinPerfil`, `twitterPerfil`) VALUES
(10, 'Regina Cunha', '5ddc7efdd5d90248747ba63460181c06.jpg', '898.545.555-21', 'reginacunha@gmail.com', '(41) 3123-1231', '(41) 23124-2435', 'b40d03386fb8fd7dc6ca9c6f8d680dfc58d60fd6ea72c63f573cc5bfbb09695746a849c91517c235cdfeaca4e734208f184bc08aae06797748988e95928f80b1', 'data:image/png;base64,iVBORw0KGgoAAAANSUhEUgAAAfQAAACMCAYAAACK0FuSAAAgAElEQVR4Xu3dCfRF0V4P8J05YxmSObMkMhQhZHpPZShkiJfMCpF5ypAhGR/JI+KVSFEU8UplTi9kzBCRJEPmebY+a+2ftTvv3HvOvecO597/d6911/0PZ9jnu/fZ39+836ilBYEgEASCQBAIAg+PwBs9/BPkAYJAEAgCQSAIBIEWQs8kCAJBIAgEgSDwBAiE0J9gEPMIQSAIBIEgEARC6JkDQSAIBIEgEASeAIEQ+hMMYh4hCASBIBAEgkAIPXMgCASBIBAEgsATIBBCf4JBzCMEgSAQBIJAEAihZw4EgSAQBIJAEHgCBELoTzCIeYQgEASCQBAIAiH0zIEgEASCQBAIAk+AQAj9CQYxjxAEgkAQCAJBIISeORAEgkAQCAJB4AkQCKE/wSDmEYJAEAgCQSAIhNAzB4JAEAgCQSAIPAECz0boX7219nVba1+utfY/Wmv/sn/8nBYEgkAQCAJB4GkReCZC//Kttfdorb13a+3NW2v/prX2qa21T2it/Y3W2he11v7X045kHiwIBIEgEAReNALPROjfurX2S1tr7zYZ0X/QWvtDrbVPbq39k9baf+if//aiRz4PHwSCQBAIAk+FwDMR+vfohO77P/XPV2yt+WjI/PWttc/uny9srf2XrskzzTsnLQgEgSAQBILAQyLwrIT+l1trn9L96W/fTfBM8mPjVy+S/6TW2me01v5piP0h53E6HQSCQBB48Qg8K6H/6dbaL2+t/d3W2vdsrb1Ta+0tW2tftbX2lbvW/mWG0aed//nW2keF2F/8OxEAgkAQCAIPicCzEzpi15D3N2mtvV1r7Vv2n79Ga+1Nuvbu+0t17byI/S90jT2+9oec2i++01+yz29C7FdqrX3Z/h5M3/nPb639wxePVgAIAk+AwEsh9Lmh4lt/m9baK1tr37W19s1ba9Leitj/ZGvtta21v9Qj5J9guPMILwABBP41W2tfr7X27bsQ+y363Pa/LzHB4KNbaz+ytfa/XwA2ecQg8NQIvGRCHweW9v5DJqZ5C58I+de01j6ytfbPn3om5OEeFQHv8Jt2wn6z1pqYkVe01t6ha+RLzyW98+u01mKJWkIq/w8CO0cghP7FB4g5/ke11t6ltfaNW2sC6RD5B7XWfkePit/5kKZ7D4YAU/jX6h9FkbiCxHmYe1+hfyuU9D+H7A2pl/+3W5O4k75+a40W/q26mb0g+D/duiSL4z930nbe2D6ztfZzHwyzdDcIBIEZBELobwiKBVIgnQI1tBz+9T/Wg+xEz6cFgVMR+AattbfoWRdfu2vE9U27RthcPV+6f/N/sxB5P337IGIfJK05xvE+0/f4v7fW/l2PAVFc6Y+31v5+r5oY0/qpo5fjg8CDIBBCPzxQ36HntdPWpbf9qtbah6Xa3IPM7Pt0k6b8TXvQJTeOzzfsGjdBsUi7iNh3Efeleoz0VUT8r12j9/3PesbH326t/a1eOfFfD8LBpe6d6wSBIHBHBELoh8EXNPezW2s/q6e5/d6upf/jO45Xbr0PBGjViJuJWzrklLgrovxQZPn0KZjE1UBAvD7/vgepIXwWorfqH9Hq1ZC2Wgq+fZjkv0rX9qfX939aOz95fUS2/7XW2l9prf311pp57Zhz2xv3EwkQaUEgCNwBgRD6cdDH6nMC5D6gtfb7otncYabe75b82d+stfbWncB9iyDn32YqR9pLxP1vO2FKEfuCTtoI3M9iNFQsRMg+SJxWz0L0A1tr32WITKd925NAlUMmdC4gpKzegv/pB9M+YUPWhn77FvQ21l2AJmEAuSNgH9dF7J/eWvuLrbXPPYHg3fM79z58fPfX32/Ecucg8EIRCKEfH3hauoAhWrogpd/ctXT+ybTnQ4AGPJI3DRx5+zvyrg/T+dy7I1iNpvv3em43IbB810izSHv8pj0jY4T7jVpr36m19jNaa99mgJffG/lz/diTwN4EShjPNQJBCRn1TSgR5Inc7XkgXZPQ4P/V3APBEy4E0BE4BMwhd6mbBI9Dmxv9ztbaj+/PIVvk455vauSJgsD+EQihL4+RzV5s+mIh/NhO6HZvS3t8BAhsiBOJ+ogUR34jec8FnXly5MonjVg/p5M40kPcTNc+tGDfx3b58w6KbqeR/8SeclbvJYJFrMzj5h6i/FdnwM5PT2BA4J6Nefyr9Tn9bXu+uvld+x64RfnhkTuSJ5wgdhq8D7dANX1Sw0H7q62179+tEGd0NacEgSBwLgIh9GXkRLwj9O/Wt2NVUvbPLp+WI3aIADLjjy4CZz5HbKwvPghv+k6Udoy4BZT5/J3WmqAy5I10i8AdO00LOwYD4QGRSpV8z062zpcbzqzunrRxWRaX9k0j+SJ3z84KQYOnvSN539LpWCM0wgli9+FC4Hu3B4Ioen7/sf2GLvj+xx3OgXQpCDwtAiH040NroWNC/Dndf8o/iNBpIWn7R4AmisBVTHvb1tq3mxA4QptWTqMRI9KKCOdXRrBjUJmft6Z/qeb2rq21X9Jak8Km/YvuuyYwmms04kpTuzba1oJRg4edqP3v2Fr7Xl0IqqA8QgcBA2HT4LkKxka7/wk93uSYdeLaz5TrB4EXhUAI/YsPtwWe2RGR0574UGlOtHQLq+IyH5iqcWe/IwgDwQooQ5z/6OwrzZ8oytuYqdmPxP2s3Clyqs9I4IiZv/uzeoCZb6RKCy0CR1yXJlX+6x/X4zOY9JGifjCp/64dzS99gxsif/MeoKcKnUA9WM81ZG9dYcH4Ad0Hf+FhzuWCQBCYQ+AlEbr0HxqH76lWVtjQmqQgOU7VOB+EQMtgYvyV3fyZ2XQeAkj2I7pGx5SM1LakStFs+cD5n13b2CEaAhkiIkCMY83vS/M2lj5iIWjfSBuJM59fW6MUEW4evUeHEPEp/EJQZMrfa1PIpkzz3pPv3kslc1+M6XSEn8Jc8Kh0T4GCcxYNgowNlMQjbLV47BW39CsI3AyBl0ToP6i19gu6b3CawnMIcIuTyGXak0heG1nYajXtPARkCbxvPxWRiyBfG+SFJFRc498tAvc7MikCN67jnKZtM5kjbyleIs6RTKVqIfBLa9/HkOGTVqDovfpBItelQYrR2CLYnDca559lLFhZYG8MuQYONc+FuOdiC5C43Q1/UU+9O79HOTMIBIHZ1JtHhWXMGa/90Gv7VM/0ft1fyZR+SEMfA38QObLhL6dNvr4HBj0qPnvot2hwWrRme1pa3iHNjLlXPjXNuwic2ReRlPl8GoFO02M2N1YI/PO6n7cIHLmcErR2Scy4cvjLq246YYNW/uo79ukSz0dzH60ahLYf0Xd8W3N9qXGi++XTn9vUvyfc6Ydo/Ajd5yKZ8x4agZekofOr2iaSGZ0pFrFLF6otJWlqgqEQDU3OzxaZ7LJ2mSluriF0+dAqo1nE/+hwadq1tDHBa+UDlwo1+r8r4rpOq+IqyJsWLtraYl4ELt/7XgQ+oubZmdh/T48aZ2b/ja21X30ZaO96Fc9WVg5YI1eWCDsUiuDXyq1ASB6b8fG+fUq3nJzzIIhcnMur+tgLWk0e/DlI5pyHR+CZCP17d9Olvc3/VI9GZ86ba8gDsSN4Uewl3dsD/bd1E+J08Xn4wd7BA4h8hjnLCdOzIi4IXCS1CHS+2dphDJGPlhQkzcdc5nP+b1ouc24R+LX93+dCqFIbszQBkpn/g7umvgdh49xnqvO8S+Uu8GxVAtbGRh8zaOpiJ37+xLVQ0fLOP8f1wYLz83osRvVHjryqdWlB4MUh8EyEjpj5IkU2M5GT1OUMH2u08x/Td1ZD6jRA5loL7p/o5TBf3KS40gMzzTK3M58LpELgNLmRwB1Tja9bABvt28fPlftdAWyPEkjFRywQTvszrbV3fqLyqIJM5aVrAgzl9Vfz3L+457sTthScITRvbQQ9OfO/ppfHHa/HbTZWwNt6r5wfBB4GgWcidMSM0EURn7KRClJ/99baT+4bbdA4+OGQOrOhGtdp5yEgaIoG/o6tNZaTKqNaQWwjgbOI/M3W2mf0D5fHPQPYznviNzyLn19gnk1cLklql+rf1uuwPkhB1Hwb42rSQLlVvm//g3iUV54QCDnXN7EIit6IR6jriqL33ld7pnVt6/jk/BeEwDNNfD5ZhC6VSUQ6DX1awerQ0CJxObM/vUdRWzQeldRpL3zPcPAcU78zDJg3a79s3+eYO+ewNJ9qow5BigLa3mzI7Udu1ZjKad1F4MichlfVyO4ZwHbJJYAmafMUTd69GIJnMLUXRtIGK6BNNog4iLHJSmDt4k7RZJp80JlzjvZvwxrvNvcFHN1TcCEhPoR+yZmbaz0cAs9C6DQBCwUfHUJjimPiZH47pdEibZmqMlaR+m/pmjqy2XsjmDBr/9DWmjQ9P4/1uav/cLEIv6ZrUFueDUkLfoIZTRxhyQWvaPTygyNoWjeXBn+y+zOhjwR+KcFiT+Nko5Xf1DukaIw4gms2uLM6CTy8RSrcO/U8es8kwM07NG0I+BcOAYHKKB/aXOYQNghciVzXMs+5W8RReO9fNxGSnmVdu+Y8ybWfEIFnmfi0Atr5D+9auZeeln5Om5K6hUdt6r3noCNOpkhBQsh8Ta79H+kL5KkpQ65N82LyVEWPVi5rgPAwppJxVyBv9b7t2iVjoDb7uHUO+Dlz4RLnIHEFdDRuHdUGr9Wk9X2/niWg/ruCNddudln70H6Tj+opa9N7EvDMAXET2u/vgg1hbk0zv+x4+D69zgBBRVyFmgaCJLXR6vEs69oabHJMEPj/CDzLxKclIHTpTnM56KcOOVKXL0zr5O9VW5vWb1E6Ves/9d7nHs/ETlvhemBmR540b0TLBO85xsaf+we6JUP615qGMGj/P6xX0+MjpxGOpnRm5T/XWvu0nsMvl18qmcX7UYLY1mCx9hjzUb69Zj6ZQ9dob9rnrHlLuJOTL9Dz2o1VzLuhEXxZuObau/QiOsjd3CN0rhE4WHz4y6WmaWItYGh/BW6xaiH0a490rr97BJ6B0JHXT+vRtEyNpwTEHRsgaXDMhOpWayLnLVxLkfNLg66PSstWgZvyZ1uAz91nHQbMkaKKmdmRJzMk7UV6HgHFPashWL5H7gRa1ZKQwtzJ+iF40EYcFuXRN+9aUgXd08+ewz1eihZ+bMwFbBWxGhtboV66EdYIcr9uMi63eL+R7a/oDySiXTriofZhPatEv1huWBOOzXlk7noESI2LhqWMEDFNKw2hX3pW5XoPh8AtXvhrg4KoaOc/thMZ0hV0s0RSS/1iVpYKR+uVCkfbVQXrt24gXiZpGq7gO0TrHuXP/vXdn31Ov2nnMLCoa1Upa/SfI3kmcB9R1xZGefrHqmqJQlf166f0YCdEXpHpLAA0JWb72pHM7lv6/0xBX0vzZOn/6scT3jTCXKV4LZ13yv9/cNd+xZKM7Rbv90joBODS1uf6z3TO9SJdUTNfy1w/PR6ZK7xDiNTMN8K6+83VGwihnzJjcuxTInCLF/6awDEtIl0vOdIVcMV//okXuqkFWFATC4B8W75mCxYSO4d4x/K00y5+eO/7557Yd6TNl83HOC2ooY8EEQFSIsqZf5E4U+VS/0WnM5/CVypSaeSKuzDVM5dKU6IpPUtE+onQrzocNhXPgHAvHahmbLg3Knp+fKdv8X6PhP4BrbX3X0CF4Omjb9wz5uy0GiOLxq8dNHM176WR+tshYTGEvmo65qBnRuAWL/w18eMbpkH/1O43FHAkuv2S5VoFmtE8pMtYmNcWrZk+N+JFukjSws4USzumtRAWTvX9ux5TuCprzOHM6v5WG8pI2WPepRHRpAX3ra1xrQKXxZmgQCsnOBEIaFOf3FqzwLrWtX3inof1AT4EBwLE2me45rw75drKm5Yw5PuSmJlHSI7FR0OQtmbVzIMxz/+UPi8dS8M2L7iJflIvY+scgjRf+TELjdKwBO/KG5+a6cVpMLOzuGlf2IVolrFjLYS+NGr5/9Mj8OiEjnBI+6R8BEk7H/NRLzWAYxW6c03vo3aOmPRVn/UfGSNdfxOAd6zxlyLyt58QeS3iSFw1LlYEC+ccASIC5DK3XWhV4IKtezmf9UAdcsFzotTXpJcRfghc7sXMf2opXWZqQWQKBhGqCCQ2MuGr32uJ17lxYx1BYprvSxYqMgdo5yqjKX/Ll10mb8GIrCyXbmIouGDeumeSeD7CKOHB3KBd83Ufa6xeXEzO8S6oV+A68swJvHzkmtK+jvNZaiH0JYTy/6dH4JEJfdR4EQ8zsAVtbcT2KYO71fSOnGjndnzT10/ofbU4Vrnaj++ErprWXEOMtBeR/Db6kC42zTFHmhZ0G38cMqkjWVq9awmaE+RXBCliXaAcAUafkQKTqr75eS2RVgod/zsNm1VDcRECxJpGGJC5wPrieasJqiL00AwfpRlPKX6a71NTBI8955gSRyAUF6G2gGbMWJXWNuRK4ECshwQ2kfQf0gVJ1/WuvVUvnMPkr8mz169jTXaEuccSpCF4AiNBgd/c/BEsJ8jPfF4TkxFCXzvSOe5pEXhkQh81XouQF99is+QbPncw50zvzNII8ZjGanFS7hIxqmHOHaCvFl5mRYSOXA9Vt6NJI2E10AU/uZbjKzoeiTNJ+/CNIzx7bM81xxAGLKAirqf3tKBKe6JlWVD9/If7z2sW1brnmEKHnEXS61dVTDs2BiUMwEtqU42n6yBD12F9eJSGWNUw1wREEm4u0eAho4Dp2tioP8CaIdiS4MUM/9tX3ojwJptDwRf9q9zu8XTjIo/e5kXVuA/MT2NSvnOuGWl6S1o64Vaam6ZKIHeZAjxSIAl+hAJ55musQa4RQl852DnseRF4VEKfauel8R7Sbi81gjRXCxetBOEhRL69YyVmafc0zfJz2oGKFoJ8kTn/vEULybMwFIFZQBGwBdpmHu5de4m7N9M6UyeTJU2MgKPYhsVVUZGxWXSRrOuILCacaJ/Uj+dnV+1N4BEzruP10eLNh3kKmU9T6NznlPgAwgq8kAcMRNDTHvWZu+OXdcwPjWlVpltLBJeaG4eug7SQl3bJSnHGCzaaZ6WhS7XUjKc5sca8TzAg5Okb7NQQQOzTpha9bU4rQr3+bw2haRtjc0yTI06YYII/1LiNELk5PjbCiIBLu/KtLTzj/BD6tWdyrr97BB6V0G+tnddAImeEKOrd4oWUl0rD0qwRt2Ch0c9Ps/J3WhWCRsTS4orImeNpOvLLi4D5sxG4hZVfm8YqfsB1YDJHnLVVrOAlKUCeoVodbxFH5hZ25lA7gnERfNYJGlJdc3yu6X3c71jTV31E6AQZEf8EHYu/v/m/ut2wmjPfE/RsyeoZncs0v9ZNoF80VWmQSMaYOP+Q7984VXU84+K4OSFCrjUBy/HcFvp3br2BETu+ZibpadNnlgDxE0vNWJtjrEU2WdGQ8NSVw00kIBLJTlutIfzeLFYEOoKX/gnSO9bMd7Xgq9H4lY81D2vDl6Vn8H8CX41zWQ3WnJdjgsBTIfCIhH4v7bwGnpZM47LoWNAFayFDmvecRlSEK8jMsTQXJmOEhaQQMWIW2YvwEIpFVuQ6IkdiyIup3mLHnD7mjwuoQ+i0M39HdgLHNOe6BnKucrCjCVsAnuMtwgKPpP7RivhB9VGg1SltTjt3/loN3f09C2uEZ+ZXReC11z1slA3V57lYiRL0YC44kjBAiFrTkBby5Y6AmTERQS5ye46oCQ2O50ZRJEWMwFxNfGPwOUNhH2VgxQJsbUiYkDY22QcsGEs+bOdw47xrf0a+8bFN1wUbF3G9GF9CSQX5OaeOJRxwL8B+TdnhuedXm50wcmocjPdQvr9GsBKBf+0mENGGM+5b9772PXP9IHAUgUcjdFqOYDD+VWbB0R99Ld/5HIACtWggFvSlndmQEO3lvXrENw3Kwgd7vlX/p01ZMPkP+cgRiuvSOsQH8Gl+bI9en6bkjSRoIUR2SG9K5hZjrgF+V2ZTAgUXheNFGfOfW6hp/kz/51Q0I+wgZFaFsa0hdFoxywdC9bNn1g/a7Vja91A2AEImuPD7w27E4thLINhQNLgxhYH5pc25QcbrjJYXfYQjl8dcI6xxrWjy+AlsiHFLY0UZTePIXEElFqOl9sYdZ+RvnkitG8v3jusC0iIgmmcwYRXgr682Hsv0zsXAJUXggS3iW7vOeE8IUac287ncXr7L2nDKdeDAWiAwlPmepcIcmrPQeJfMSVa3zzxSHOeU++fYILAZgbUv2uYbXegCFl5a7Xt3EyatWN75qTs3XaI7czuzCcoTbT+NFEbStHrR5VU17FgfEDltH/kif4FKhyK7+Zzl8tLWLLjMmBbV2tCCZm4B+rxuSUCuiJOpv1wAIpT5rGlt5xa4sXi7hsVen8ZqdUuEbjHVT2NLmCG0eAZaqOv4G0HBMQLrkKdAu7EhZMdYaDUCXqVxzWnYMNFPxEwwM0ZVHpd1gLmYdQAecw3xux9SXXo+ZnYE7H6aEr3I9xR3wNgHxDlqsSwDMFlD5q5DkDSnisylvtXe4v5f6wIB2txybY2LSfCcdLJq0zWEMAZLc51bipB4bJ0x5wgLmij9KvN67P2Y/m/EgzUE3msbDGoe1HvDbG/8xZGwEk0bK4R93vX9VjXz1z5PjnvBCDwSoVuALegWQwv8NfPO106JKal7uZl6X9v7NxIJwrEz1Tt0n/DUT+lY5m6Ls8VELrlFd9yA4lC/kDNyQeJMxYIEBTExlY5krm8WMMciX8RpseZvFmFMa6eR/O6e+naKH3MkXSRMw6btIMwlwnNffeI/R6YENWRaghptTzAiQQRGFlqL7+g+INDQgos0YSV9z/NNtawKNkQe7jme4/72aOdGMQaHCtm8W++z4LSl59MXViXPyN9rjJGq4LVTG/KixTKXV/OcrBNrmspyNG6kRxNF5qxHBL5qtS7YxZCbB/6wVsCJL/2SAWjeIcIO4UFkvOc7tTyuuSfeQ/Ndu7odw8N74F5wINDNbWsLkyqAU9fy3hpvVi1NYJ85kBYE7o7AIxF65Wy/qi/6H9kX/TWEd02gLUjMxIqgIAqLNR+p6PepVm0xoNlZfGl2SNwxPkqC+mZ+Z1Y+5bmYurkA+PVHQcH1SzNH5uXjRSzMrZpv2iLCsajROhDgx/W/04iXIsbdE6HqA3K04FmkmZYPBevVmLBYOJcFw7nlBmCZGBuM9RvG0w14RoFgPEe8AUIvLJGG50OmFe0/9fcSIpxDWzzU9MEY6pNnX1MUyDmItIiA313aInzXZhHMkbk+KsiyZk97z8pkXhkXtFlC37QP1gUmeFkchEWN8GHuTsv8bl1DCJzGpzawETvyB098Yb1L5pvm25w71lgO3ra19jO7gF2ZEeM5JdhNr/WjJ1YbViSumrQgcHcEtr6Mt3oA/lFaBP8os+je8pFpCLQXqUIIg+ZLw5NbOw2UG/3MFmGBW0ylW2MALGoIFYkiGQsSP7gAKcQ2Lvg0WeRogaftIjBBTcyrBCYaGR8ikz83Av/9Ia1pGtcggpv2bIyQ3jFCt5gzz7K6CC5zLkGI22BKUKwz+gzrkUCPmfpH37Z+0rYUu0FSxgHmxqeq2pnPS6V9p+4B5ywVBar3xBgRRqo8K4IXGf75PbDK5jb82dNGq+cWYbUYNfM6jiVkTYoX4VOqIh+68SVIEYy1qdbNZC77AbE7VrCawL+5Y7euA1wjBErNmHmPloTI8Z6EAK4u7dCe7P5nrhD+kLJnh8O08Yl7Xu8wq9WYLSB4kPBRmSKEG/76pZz7rfjk/CCwCoFHIHQLqIWIf1W0M+0RUTIzXrJm+yrAjhyEIGhstOQq8oLULZgjqY9lZGk9yNQiu7UVTpWvDhvBcXN7uNNOkSNNZSwuQ9PTf0RMcOJLRKxjOVna3LjBSKWUcScgTeZ+cQ0072PpdJ6X1cW4EiI0fkkCxlw1tTk/Oi2aSR8ZCFA6ZupH5hU7YEE2j5hnjYEKbgQL5xOwRPzPCViej7/X/eBc7ZQKdp6VVaRIHb7yrhVkqa1np3MB8Ygb8YyaADhjV+/vmhrx5iSrS2mcBBcuhyLOkdAJ0II0maI1GQ9cDHXMJU3urs/sLaCQUCmzQvlhQs7aRiA05zQBiATTaRM4R6DiukHqmnlMYCkNXc0Fa82hDZLMnzFOwXv7irWdzHFB4NoI7J3QawEVaFULKC3Bor8mz/ba+E2vj3RoyTSMin5nkrM4IljPg8BYGvws4MZCdOtSpkgF2SLUaRCcRdWCh/Rpg7QSwVvITnqOYCyaG9+rn5GCZyYA0F4QIovAUn48bYnVRWSzc5dM3UhYn5mL9QVutDLVxPQVCemTVLx3nFgGVPOzGLOiuA4ByzwyNsik9pFf8oVzCbiO+IMxn98iTzBbY/Y2ZwhNntu9T0nxKhcKCwbTeZ1bwW2H5ru5xp1SZWEJBMznY2DdSNKInJDhPJYZeFYRG/e4NKGX0FClas2nqiK35h32HpVrwJya7udgfhk3cwWB6z8hleD4fYY0N+uKuTDXCATmUY07S4p69oSwtCCwCwT2TOgWKVoV05iXlYZBi2Geu1T5zGsMwjRQDpELrqIdafxttEHpNUiAhnzrNgZ0MafrhxzgajQ+RC7YB2Ejdq4EjebKvMssScNh7pXa5HcBUwK2PPNY/GeOKMe0LwTN6kIzPmZ1QYJInTDAlWBRltfNOiKAjzBh0SU0wVhevmp3+ofMHYfMWU1YTwgqVdyHiwKJMGvPBcLBRACdBb80vMIDfsjglFbzBCnAliA19z7CW3+Y4wWClgtl3PTF+cfMvnzvfMtICRHRYMVNjG0kaYFwotm1uep21yB0cQ0sNDD49O7bXrszHQETnhot3O/VjDmFgAVJM2cJJwQiQgtB0jrjXgJXq9okYUY+u3WHIOedIWhUi3Z+ymzPsTdBYK+EzlwrUvU9e9AOqdiCzb9qgVmrCd0ExJmbTAPlHEIL12/agucZy67eup9LZFv9IeGmhOkAABT9SURBVFRZ1AQs0WT4sRFQ+R4t7DWHmEqZLGk9In8tkEzEFskpoY9BZaVZE9SWdpobLQu18JonBAxaWpEUkhZwxmLgY1H3QYzInODArKryGfM5TXkpLmOuAh6ctmRbyNFGFOaLrIS595GG7BlogkzfRdx+r/Qsz3aoboCxItTQXDUR/AI4p2VZ5wLzzFfEPq3Bfw1CNw9gKc2N0MHsvlRpzvPAjMWBsKJfXECVk86tYU6UdY+FiQuKYMg6YS6XIOsaBB/CH9eTd5RAKzddSp+/VzPPBdU5Jy0I7AaBPRJ6VeBiWkUGzIy0EalgArRubZ4+d7CY32kFFk+LzBh9zn9LGxQHcI/9vdcSej27oCz9J2iJ0rZA8h2W1l7HWVBpQLRd42aRpk3LWxY4RgNjZbEYWlSR8SnFgUbLQvm4ac40OgIBIcn84dJgYnX/anBWMheZ09zHGvu0MRYCZvw5C4H/K5aD/Kuefl13yUx/7vxZOm/USrk3YDDXaL5VtEjQISuDPe2nbY7QD0VwTwmddcEcJ6iZK+YAIauqqMF+TST/aDpnHl+TV8+SxOpijNzPuJp7CJ61SACcZg7Cwbxj7dBEuXsHNXNDFUd42c9AEOKh/eRZZCpLZGmc8v8gcDME9kboFgQLjpeZWRMxSLsS3MUv9ihkXgOIBGlfnomkjxCZeS2+Fst7xQGcSuiex4JpsaSt8CGLSrfgWUxpt/6vQhgNC8mOzQJLI7Swe34kTwuyyEvfYnlh/lwSbsZ+1/UJe4Qjwl6dr4/MyrXRDAHKgm3xRubaWJJ3ScuuAL/aZKXu7bmQEGHi1nNz3DqVW2rOdcMahLxp8vrqnGm52HqWKeEiR5Hucz7i8VhErpiPKHjBhSwCquDBg/uDtUZ1PIKSsTqWY05gQ7raRwzBkscWRLEAxlbjKvC+mVuEOh+tsk64U0Yz/oihY5w3VsxzLvInnJSGTlhhTVljPbjZQp4bBQEI7I3Qx9QkGhjzIOLjg967mf3YjGK6ptkRUpAOArxnhP4phK7viNzCzdrA7O05jI9FTREafngmd0QtjYe5VGCVxZaQNprmR5wsrrWxSdWrd00mZiRbH1gxw84R+lzZVYIUIYpWTXsUzW7xLgGK8MEkT+NGekvbux4qaYugaGuEiVs3xFxBbgIbuafGxjpB0CF8aciVoMNcPNemhH4s/Ws89tWttfeZEeLGexDmuFMQLwEObjTmacGfseIbwUsRpqUmI4PVReNasNMbhUC0exWr8X9kPm0CI8VaaOaheBD4+JRVQa4+IbRyzVmYqrLdUt/y/yBwUwT2Rug0IIusxYhUzwS65wC4mw7WBW9mEeNnpmUTlpASIQMhI3DfxoBmKj2KpoacETmypLEILEJk/LqjZk075xtG/sybtGTHWqCRp0V6umVmPZqFk6Aw/dQuc0jdYsocqjmO1m3xnmr3VdLTN4Fg/P+ocbsG4hPUdshCMAbwjcOwVMP9gkP2BpeiDavG5x0uf3C5IVhOaLviBWicTO0CS7k8DrWRpOEssp3GO9fmzOcsNfz4zq25wxxeZvi6Dg2dmwK56z9iNz4EQseX4C5mRlW7pSZlsOIDpPY5r8raEhKZ7c3DuT6zHhQ5E4oIoyxFPmIsqjTvWIhJhgFTfVoQ2B0CeyN0PnOBShb+Kn36yJr5NQa8CBfpjgSMSOtvS/dF6DQ60btwFp9gwfM7bdy3MUDgfq70qNoshsuAxjuX4173HrVpEdYWWeTONEtzYn1RWMXPTMK0M0Q9F+2tb4iitsYss2hZCRQDsQCPH1rgXJEW/XM/i7S5xjRMoDm2A9qcZQD5EwRof0uugqXxOOf/hCZBWeW68O7U5jDcCXL0EZQxY46nRR9rI+EhOi6iQ37v6d+RNO2YgMdEjYi5XwhCBI8KNBNzYY5WQ+bmAE2Z5us6tTseoZHGvNTUETCvNNYjrpYqa4uYxXuMdRPG6xFC4KcRJua2tbVGmr9lLeBeqAI7S33L/4PATRHYG6Hf9OF3ejPaDa2GJuxnnzFXGeFaIBHtSMCOr79d8tH4XhGWxU88A6302GYxc4QuIp0WJghOH2mUApaY6s1Bz4egfBMkLMg+aon7RhCH8rWRvAV7qtVXXXz99uHXrZ/5+ZnkWShoiQKcPNehNiV0mMh5XxOZf8mxmF5rDCLj+mBe5x5gLi9CJjjJNliqZjaSNN/z3F7rdf8poSPyQwIDQVNfYC1injuG+2a6aYtoc4F+dZ21u6Y5TgCcJjW0KumZY++8UEK53ETO9c7NbYNKCFHkhiDCdaDvl9jP/przYuu14SlOwJjMbQm99fo5/0oIhNCvBOyJl7XoWTgsFl4kEfIWZuRWaW4nXvLkw5knfWh0vhFiFZORtsRk7rM2+GskwXETlWPlXXWa9l3kXttv0toVwRFZr/Y4NwBSQayHIpH9H9l7nvqun1kFCECu71lpuvz2NMb6lJ/XN0uFrAuuB83f5Lwjsq0le08eqOEEWiMNl7DDH83iwOxcO84ZN6Z2pH6sERJHwidE8R0faiOhmyOsK2tjQmDJSiMNkqCGPKaBaO5LYKqtbI/1fSRl42w+eBZ1B6Y78k2vUxX3/J2Fg6Vn2mj9LFin9GnLmN77XBkoBFUpfdxpBLtx45579y/3P4JACP3+04NmwI9Hm6iyrcd6VYRbBIxQ/FwaaqWMHboGjV9Ota1oHcvEaTEuX6YF2u+IG8n5PsekPGemdj9+XAFKc+VdD/W5tHjCjnQ0AXf6LRJa/5C9Z6pvBLPGXFv3K5M+bKcfJCFy2zgRvKpaG7cDEz9s6sPcXJ/x74SYc7dKPTYX4MIfXfuis1QQhjTBhYSQY5YHx7kGrVimQbWldWEk9LXEO30OGjo/P+GDq4Xlxpghd5qyWJo1wYbGf/S1E0SZ/yvC/Rh+YgS4JzRFY8RjjM9GOPjEYWtZOK3p0/1XldN7QCgU96IoE+HGPFLGGY7TOgSnXz1n3ASBpRf3Jp14wTehJYrsF6lLK9cQM23Lp7RkRFitNo5Auj5iDOq7fj6mNa7ZW/wSQzJnpqYBkf4tkuc2/ZeapMJXBW1ZjEqzr2++USRBA5z7EGgOaffH+obQ4cs/72cfpF8/H/od2RbJI/j62TiPgoCf5/5m3Ocqp9HSa8MX77O5IqAUOSnBu9SQochzVo9qS+vCSHpiEYzpuY2QxBRPSCtrFGFPQOwaQZIgopQuYYD5naCleiDNfamNNeCZ6Jnra8te5xIQYWl+GTMuoHEv+KXr7/n/CLusgdwg4h1YZipmxhy0Ltn5rvL29/w86dsO09Ze2qDYbMaCiKCQtwhdeb98VxaW0pLXmjPX4DemBlaEuwX90m1K6HxxzNRKrt7CTI2skQWCn/umFTLLSuViekceNBEpS0z8BIL6lNa7BaNyEYzkP/fzof9XLEOR/Uj6KqKJT2BJKMuFzIJRUKD1zlkJRPfTysa2ROj6UscgYvPoXo1AYlMkGChe9DEzVfAO9Q1hEwqRmEYjJZyYBwQoQoWdCTXEZle3R2yENfiY88ibYMKlx+pUbi2WO++JcaUYwEH9D+/tmqJAj4jL0/V56cV9ugfe0QN5kZC5lBoEJyBIio3I8TWayTmP4oVlshYJzG8qj1mE9yUFhuoXIcXzEVq0NXuGn/NMW86x1SwykKKlxK1FXJwA7Vv/p+l1hCwuAz5F1hXE73v82d9oi/U/3z7nWAOmzzbV/kfyt+iKDaCZzlkOHEt7r7x/BO9nZm8R3mOzSYqI8yoGVIIBodO1CZ4i6Ak/Ve1vyzjc81zvAk20xpqmLnNB3r4gOwGo3k+xG6+7Z0eP3JvgWVYo5C0Wh6DjU1UqWRkq+JSA6jNd/wX/eU/FHhDyzZGQ+U4Hfa5bIfT7DdaYOrVUqexSvfSyI1m7k1mckfl0k45L3cvz8UsKgNJEYS9tvnKpe59yHSZ8gWRKfjLD11aa02vAS66yPbKZdh03fhD2sb/RgIr4Ebxc+CJ7P1dp3fFv9TPhay5w7JTndGwFCo6CAcFyKmwg6jk3gvORO/LTJ356C38RfrmKEAETtd+r/Ou14ghOxWB6PIxp4gIuabCEXs855sFLjROnsHazmK19qvMRsGDZymrx7WOe+rAs+L2069Ea5edyRc2t81xA1h2CCxeHbA8xIQQ5Y0WoDZlfaiRvdJ0Q+o2AnrnNWHr0kvuiH3ui0cQvlQyhM1Neo9X+7DQbTapblV29xv22XJPvVjS4j41oitQRH/Lm+lA0ha+aBnNOO0T+oyBQP0//5nfvKuJnSSgrgJ9LMGAV8HN9RgGhBIZLWgks9kz4U2tACQK+61MCBKGoSH4kfD+zBlSgp2+WBqTj2++1R8D4v6UA0LXjBFvBeYLeBKiyPtQcYHI2L+S0n9MQK1cI0jVGPpWaWoV36pugNP5sDL1HhIzx45rGsgh8aR1nYRDgyg2DvFmaWJkIYoUnnEPi54zwjs5Zmgg76urTdeXWhG5hYG7nE6Rd8Y8h9HFP7KcD+YQHgolSsTbUqUp0SLy2K91DgaNDhF/CwtL/yxVQmn9ZCmifirNUVT3PPVoQHIdstloJRvKfEr//VZzB3Peh/yGrIv36JjiUMDD9n+Pda655fqmJ3Aie17EK3tj0p7TdiseAxfTD2lGEjbTh5vgaH+vtOFbG69jnkLVo2nfPqM4Cywr3mW+CKCuD1Dw/j+RddRuigZ+wQDzCoSH0+43SaHJn6kKuTLrXamM9cr5TAWpM4LcIULvWM136uhZtuc/yuTVCz7FqeJe+/7WvNyV+v5cQYKtQgVOsKAhiTkjgdx3dBlP3gP/VHuK+61NWg0tYCKYYHRMCSoAYj1lDYpUmWfUL/D796Mf0bzAbSbt+3zKuBMlpbQS/V50EBM6t4T2ulEua9vjx9zXPvaWfOXcHCITQ7zcI/F/v33e/olGINlZK9BoEa2GR4y63l0nxVib++6GbO18DgSKrOTfBKByMWuf4dwLASPQj4dNsmaarfPHSN+HhGgLCNXCbuyaiRso0a9/1qd+rsiGTOHKeq5FQf7u1b/9WGOU+JyIQQj8RsAsfrvCHIDXmXj5mWroglUs3ATRSkwR/WWCVDBUItLbq26X7k+u9TASK3EfXwDSYsISG8Xvub6X9In6CwFQYGP9W/xtTs9aOAC2/tF0EOtV+6/fSkI/93/8qC2GsXniIrB0TzXrtSOW43W2f+tKGRK42LV36lMAgOzkplHHJWtEWPoFptHO+wVtF1L+0sczz3geB0cR9jPhLADhHiUGq9fGU4+9zPx875pD//j7o5a5PhcA5k/upALjzwzAb2lBDHiwTvAhUZvfplqRbuinthXauiIpFzZaatHNRr2lBIAgEgSDwJAiE0O8/kDarUFxGvjbzoaAkAWs23djqT0fgKqHRzkXVRzu//3inB0EgCASBqyAQQr8KrCdfVA6sdDI7HYm0pqEjdRr7FlLnO6f9850TFqKdnzw0OSEIBIEg8BgIhND3MU5IXI11mrq9owXJIHXm93NJPb7zfYxtehEEgkAQuAkCIfSbwLzqJkhdRSqkrlpZkbpSo0h93HFtzQWnke3RzteglmOCQBAIAg+KQAh9XwMnfQ2pC2ArUreTlch3NbPXbtoS7Xxf45reBIEgEASujkAI/eoQn3yDInV+b6SudKRAuVf3QLk1KW2jdi5Nhnb+gYlsP3ksckIQCAJB4GEQCKHvc6iQ+rv3lLa37IFyzO4f0vdsVlXqUD7rVDtXqEbBGoVr0oJAEAgCQeBJEQih73dgK1Du/XqgnCh1ld3s+EXjloI2FwFPGJB3rgpd8s73O77pWRAIAkHgogiE0C8K58UvhtRf2X3qdoGyyYUa0LY8fW1rzRaotqOshsBtLiLv3A5ayTu/+JDkgkEgCASBfSIQQt/nuEx79Xad1F/RWlP5DXG/vrX2mtbap/UtE/3tLVpr79sD61yDJm/Tl1SFe4xxTi+DQBAIAmcjEEI/G7qbn2j7UxHwfOuC5WrvalHwr+t7M6vZTkNndv/s7jv/6Jv3NDcMAkEgCASBmyMQQr855JtuiKiR9qu6X/1NurY+XlSw3Be11j60tfbBXXvfdNOcHASCQBAIAvtHIIS+/zGa6+HbdFKnjdPW+dYVouFP/4LuY//wmNofc3DT6yAQBILAOQiE0M9BbR/n2KmNb53GboMXRWeY2T+1+9fXFqHZx9OkF0EgCASBILAJgRD6JvhychAIAkEgCASBfSAQQt/HOKQXQSAIBIEgEAQ2IRBC3wRfTg4CQSAIBIEgsA8EQuj7GIf0IggEgSAQBILAJgRC6Jvgy8lBIAgEgSAQBPaBQAh9H+OQXgSBIBAEgkAQ2IRACH0TfDk5CASBIBAEgsA+EAih72Mc0osgEASCQBAIApsQCKFvgi8nB4EgEASCQBDYBwIh9H2MQ3oRBIJAEAgCQWATAiH0TfDl5CAQBIJAEAgC+0AghL6PcUgvgkAQCAJBIAhsQiCEvgm+nBwEgkAQCAJBYB8IhND3MQ7pRRAIAkEgCASBTQiE0DfBl5ODQBAIAkEgCOwDgRD6PsYhvQgCQSAIBIEgsAmBEPom+HJyEAgCQSAIBIF9IBBC38c4pBdBIAgEgSAQBDYhEELfBF9ODgJBIAgEgSCwDwRC6PsYh/QiCASBIBAEgsAmBELom+DLyUEgCASBIBAE9oFACH0f45BeBIEgEASCQBDYhEAIfRN8OTkIBIEgEASCwD4QCKHvYxzSiyAQBIJAEAgCmxAIoW+CLycHgSAQBIJAENgHAiH0fYxDehEEgkAQCAJBYBMCIfRN8OXkIBAEgkAQCAL7QCCEvo9xSC+CQBAIAkEgCGxCIIS+Cb6cHASCQBAIAkFgHwiE0PcxDulFEAgCQSAIBIFNCITQN8GXk4NAEAgCQSAI7AOBEPo+xiG9CAJBIAgEgSCwCYEQ+ib4cnIQCAJBIAgEgX0gEELfxzikF0EgCASBIBAENiEQQt8EX04OAkEgCASBILAPBELo+xiH9CIIBIEgEASCwCYEQuib4MvJQSAIBIEgEAT2gUAIfR/jkF4EgSAQBIJAENiEQAh9E3w5OQgEgSAQBILAPhAIoe9jHNKLIBAEgkAQCAKbEAihb4IvJweBIBAEgkAQ2AcCIfR9jEN6EQSCQBAIAkFgEwIh9E3w5eQgEASCQBAIAvtA4P8B4yrvMky8REAAAAAASUVORK5CYII=', '04718a954b9b4fd4d156f6b828666f22', '2019-03-13', '2019-03-12', 0, '', '', '', ''),
(11, 'Maria Da Silva', '', '123.456.456-56', 'maria@gmail.com', '(12) 3123-1231', '(12) 34541-2412', 'b40d03386fb8fd7dc6ca9c6f8d680dfc58d60fd6ea72c63f573cc5bfbb09695746a849c91517c235cdfeaca4e734208f184bc08aae06797748988e95928f80b1', 'data:image/png;base64,iVBORw0KGgoAAAANSUhEUgAAAfQAAACMCAYAAACK0FuSAAAgAElEQVR4Xu3dCbh90VjH8VezBpLMlYgkUpoQMpVQiUSikjQoijRPxiakAWnQKDQpEkWDCBVKKUMRJWSq0DzX8+lZq2e1nXvPcPe5+9z7/63nOc8Z7j5r7/3d+57fet/1vu+6SKWFQAiEQAiEQAiceQIXOfNnkBMIgRAIgRAIgRCoCHpughAIgRAIgRA4BwQi6OfgIuYUQiAEQiAEQiCCnnsgBEIgBEIgBM4BgQj6ObiIOYUQCIEQCIEQiKAf5j1w2aq6dHtcrqouVVUXq6p3raqLrnh+x6r6+/b4h6p6S1X90/De395aVa+pqlcf5innqEIgBEIgBE5CIIJ+Enq7f5dIf1BVXbWqrlRVH1pVl28CTrxdl3doz/21vfXrNX3uR/LfVdUfPhvf99f/VVV/VlV/UVV/2gT+VVXl8crdTynfDIEQCIEQWJJABH3/9N+3qm5UVdetqo9u4s3KZlUT7f4YRXzfR0XUj3oQ+pdV1bOr6llV9eJ9H0z6D4EQCIEQODmBCPrJGU57eO+q+sSqun5VfVxVfUhVvVMTcCLusa5xj7+xqt7Qnl/f3Of/UlX/XFX/2p77+3+rKvvlln+v4TG+v0TzClxyzc670P9HVf1nVf11Vf3W8Hj5uoPP30MgBEIgBE6fQAR9Pua3qKrPq6pbDQJOyFngq9pLmuubQHr8eRNw89yje3zqNteXz8bn3r/rOT58Pr53LATfIIOr/ypN5L322XuuOFD76uLu+a+q6plV9Yyq+tU2Xz8fxfQUAiEQAiGwE4EI+k7Y/u9LV6uqu1TVZ1aVQLZ3aWI+7fUVzX3NhU3IzVWzfqdub+Lps3227tof3f39tfl7c/umBzyuV1Us+7F1gSfuHk+rqp9rj30ed/oOgRAIgRA4hkAEfbfb49pV9aA2N07E33kIWNPjm6rq6U3Euau5zLsAdhHfbc/7/VYXe9MCfZrgmk3YTR/csAXujUfhvP69RdE/uaoe39zz+z3S9B4CIRACIfD/CETQt7shRKXft6pu21LHiN7YntAs1V8ZBJzgdRf5dns7jK1Z713cPV+5xQaIE8Cht265E/fXNmH/6RZJfxhnkqMIgRAIgXNMIIK+2cW9TFU9oKru3IScRd7bH1fVY6qKeP1Ns1aJ+HltBL5b8ALs7lBVt2siP4q7QD3i/vyq+v6qMthJC4EQCIEQ2BOBCPrxYAnX3avqG6tK+tko5ILCvqcFhxEuj7Nsie9yi7l/MPH4gKq6U4sn4MnoTawAcWe1/1hV/XBVvXmXneU7IRACIRACRxM4dEF/v6p6/2YVS+VSEEUltNNo16mqh1fVtdr+sSJOT6yqh7b8bEJ1nq3xbTiz3Lu4y7e/Y7PcDYQ0gx28VLDD8Aeb9b7NPrJtCIRACITAEQQOWdC5ub+5WXxE4UXN7U0M9tneraq+taq+uJVZ7Wlnz62qe7codXng+45G3+c57rtvno0u7qz2r6gqGQG98WYQ9xdW1YOr6qn7PqD0HwIhEALnncAhC/r9qur+kwvwOy3SmqW8jyZV69FV9cEtBc0+RKx/UwvyUtQlQr4decKuBv1NqurLquoThowA19Hg6AVtEPVr23WdrUMgBEIgBDqBQxN0P/zXaBXP5DZ3dy13u0porLqPaKVJ57yKrPIHVtWXVNW7t2IwxMZ8r8/N+bIq03YnIEJeit/Vq+rLm+fF9da6sBuwfUsrXLP7nvLNEAiBELgACRyaoBNrecx+9Mf2lKr6lPbBjzTX91xz6QqpiMC2QArB0dQzv2tV/W6zIC+0YLd9/iuYwiDk4iO+qhXmmQq7OvKE/Tn7PJD0HQIhEALnicChCbq0MILdf+A7awFU/qY0KWvus1ua2EmvhX4Evl18KNH6o1X19S0FbV+u/ZMe93n4vnvPdb5iVX1NVX3OkEXQLXZz66x5Ne3TQiAEQiAEjiFwaIKuaIkgqdtMSqiaY7VIyC3buVgNzJysBUx2aYK2pJwJfOupaBY6YZU/qaq8TjsdAl3YXXvCbuDWC/bIIBDDIJbC9Ec8JadzTbKXEAiBM0jg0AQdQouHWABkulCIH/t7VdUVGme54d+2A3NWofn5T54snMIKlG71uh36zFdOToAr3pSHHPavbWlvBl5EXODc89oAzBruaSEQAiEQAhMChyjohNacucZSFrCmqRNubvUhLUraAifm2rcJVtOXfm42iLmo9Z6axr37iNwlixLoc+wfXlU/VFUf1o6GG/7vq+q72j1A5NNCIARCIAQagUMU9Mc2t6tDtJKXZUk1rlcBbJYZ7dHvAtm43zdt+lODvAu4AYMlQAXc+UyU9Q2SmrYpzr1u53pctOWwWwinN0JuxTpL1Sq7mxYCIRACITBZIewQgHC3v6oJth/u61fV77UDY0lzwY6CzzXLYl/XDFxEz9++9WF7rlylSM2jc7Nfuln7oq8NHtIOgwA3vLXa1YO34pvmXnhbWyjn+zK3fhgXKkcRAiGwLIFDs9Bv3pYdReWPWs75WMjF8Vp73EIomkIkvrOuKdWqytu4Opoysjdq8/W/NKTFEf0sJLKO6On+vVvrghbFTRj4aTwsz6yqe7Y15k/3qLK3EAiBEDggAocm6A+rqvs0PtysliodI5sdLwva/DnLzZzqB1bV3x7D9NYtCK7nmHchuEdVSVHTVILrbt1HtopmB3SZciiNgIwEtf3dJzIhNHPrKvgp1/sdIRUCIRACFyqBQxN0FrfSoNoNW2GRqaD72x9WlaAp7Qta7vqqa/gerQa8ufexWa/804aAutEzYLlPC7OkHSYB96zgxk9vC7y4xpopGnnrn9/c8Yd59DmqEAiBENgTgUMTdG7wLr7mtOWed5c7Ye/BbKx4VppGgAWyrYp2t42FQcbz1KfAOIOC3uzrNc3q/8equuwpruq2p0t77rs1fWJu/XFtRTwnLG9dDIa4CK74tBAIgRC4YAgcmqCzsrprvC/q0Uu8WnazW2Pc7i9uFd4IvWj3P5lcNbXf5bOLlO7Ntt/ZCphML7L8ZouyaLwEv3HB3AW7nyjG1kH37DopmXvc9Mfue1r9TQO8i1XV11XVV7YYCdeYC17p2G+fe4fpLwRCIAQOlcChCfrUvS4HWXCc9opBcL3/xaoyP659dRPqkfPdWnWx8TPW2/WOiGIXLf2lbWOWvTrjaccTMI+tTK4a/AZUD6iqX1gAmmJBH9OmXvqgzODwx6vq7gscT3YZAiEQAqdO4NAFXa6x1DLNvPetBkJWRntUe8/tqi772Mb0Np9bqU3hGHXhV7WxoI385o/asmjNqV+8A9ihqQ9r1rOSeUMIuhKtSzQpjbwx0tv6vWAa5uer6rOWOKDsMwRCIAROk8ChC7oSrZ/RgExzzuUkP7f9zXyp2u5je2FVXXv4wMppN27BU6sYcxsrWuP5KDf+aV6bs7Cvj62qO7Upj5c2i3iMTVjiHIi6MsHqv2vm1VnqX7jEwWSfIRACIXBaBA5Z0C/R3OyqwnGfdrduZ3OlFgDl/dQd7zPBbdY21+Qr36Gq5Jsf1544pEPtWit+jmtHlMwDH2pz33Btu0ZiD95yYAfKBW8apqcistSJvAV50kIgBELgXBI4ZEGXltTnY/+gqj5ycgWINdHW5KNz+/YmAlpwVi9AsmlJV0t4PqZ1wqJXqW4sbHMaN4EAP54F58zq3bW5tgYGggnnbnLBTV24JkRT/MGhNcGVluLt7ve/aTUMspLeoV2pHE8IhMAsBA5N0LlHzYVqP9Oqwnkt8GpV0ZBVOeq2v2bLP+9pboqOKB6zrklXkzonmp5Vd9plYF0P0fWmD36zqm667oCP+Dsht3IcL8Zvt3Pasau3+5pjdC1YvJo0wEvN1fnM/YxxFrwIl8/SuDMTTnchEAIHQ+DQBP3vBqv6zU0oiLwiMqus1VWCTsRZjwrO9PacVqhmE/Dm45WE1W53ylHbU4t61+vzSa3mvekKZXLnDAozyHlRVb1PYzSmE27C9zS34UmwOpsB2sPbYj+nuf/sKwRCIAROjcCugrGvA1TchWCM7bWt3Oeqfa4SdFapVDfrqfu7c1Qe9IuGUq/HHf83tDKitvnuoRTtvs557PdaTSz7Z7tcH+JlBbm+kInpiIvPtICJ41FLXd53b1j3qn2nwWibffSqcp7FYbgP0kIgBELgXBLYRTD2CYIlbd56bALVzKdvKuiKiXTBYdWbk9a4hlne6+albdOrjHFXT49nn+fvuMdiKLtcnzH9rh+reIM5guyuXFUvGKxz/f9Ui3TfJ5f0HQIhEAIhsIbALoKxT6iCmNTiHps8Z1W/NhH0SzbrvM+V3rZVEFP5jbX+8lZY5riobGlrbxzKwOqTdXcajSubla6ZalAtb5smEIx13qcM+nev0PLEt+lruq366aLElVUdm8ItR+X2n2R/+W4IhEAIhMAWBA5N0JXvVJp1bJZL/dkjzmnqcjcYMCjQWPsf3+qyW1OdyItY//VWoOY496uKclz32tXaQGALrCs3NbdvOoH7W4lUrvCxSbUaI7Ads+pn2zRR5yzoHgzYvytA7ve36WjFtreoqidPBhmO9+rtfE7Yfb4eAiEQAiFwEgKHJugWTWFhjk3xEiK1qo2CzoJ8Rps7JtxS0B7f5tAJOyGXzkbIVQ+7yzERz0+rKoFlGiv/SSeBXFUs5Gu0IjnK2aqmZunW8fhVpiPivSmo4zi3aSxlsQKa8+wZAyc9B9H/mEznyl0X12efTSyEQZWmaE3mwfdJO32HQAicWQKHJugW+nj1hOYVq+ovjyA8CuJ1W4oW61RwnZW4eg42YWP9P7j1w50tLez2Ryy1ybV8r7bt/arqgTteYS5wwWkEVdnZ3hwX1/64Qtw4928767xPWRx3GFaMs2CNFDJTBL7b65o7F1HeuzRufwwU2pk2c/6d6bZ9K0rjWM3vC+Q7anrB6nuqBBqkYfiyqpIN8bZtd5jtFyHg/9JU12ku2rPIiWanIbA0gUMTdNbY1BWtYMz0s85tFHTlPdV+18y5m3sfG3GVj94XXWHpcUNbF/0Nk20/t6p+on32y1Ul0Gzbxqol5lMrW015lu3NJnPz41rw9nXcea86FqLdK6EpivOUIfZAffO+8My258EClxvv2ozNefAqGERs0xT7EVwnroHnxIDN9MZYGOio/hQS+skW2OiYiPt4D2xzHNl2/wR6toWFe0z7pIVACOyRwKEJuuMhFFzjGtFluR31oz1+LtCN1WdeV2CZcrDTZp6asMlN1lh96rcTcBHtvXHxioZn7QuQIzrbBMYRLK5vluXYuIzNz7N2p8u9jmvB+44ByKo13lfdDkRSzIDzxsx0AivWnLdG4K0yt20jsuIXTD9g/dbGWD/S1ZTj3VRQe7lYAXsC66aV/7Y9Nh4W2Q+OKe3wCKjhoDgU79iq0syHd8Q5ohA44wQOTdDhHHPRj8tBt+0qMVk3r0soLSjSV3HTBxe4SnLdwsXl9VV1mXZ9WaIWe9mkXbWtOjYWc2FZ+j4rWknXVc1AprudvTb42LQJHFRARjNgME+vqIzXflCtVd5r4m/ap+3GUrivbJHyN2wdHFW9b1X/jsH8u6kLK+b1+85gSUnWXlDIMZqK2OTcMTIoeMk2J5RtT43AmLHhf4t3LC0EQmCPBA5R0AV2ERLW6aPXrEu+StAVhhlzuVfhI5xcvtz05p41Frg11lnW5mcF1HVRfmSbv11njYqkt605894sK/r0qlKG9Dgrf+xbzACvwCaNdc793CPix/MnmP38WO+Whd20EVaWPW+FmIN7tkGPSH2eDYOGdTn99iVYkXdAkZ4eVKcmgMEGLjwkrGzlem/QRJqwTxvPA348MLwx3O0W3Jkjv35TJtluMwI8YAavPFwqPorliCdlM3bZKgR2JnCIgu6HnavavLmqZKz0o9pUYAmPuTrWwbrGahR4xlLvVqfvCyZjURB1i8MQJALCSic+xzWide9hA1b+Q6rqezdwTY/nss7LMB6DaHjLzGp+PAl3jwmwutyntL+pvf7QdVCGv4/WOStYAGEXcAOFy21wTrr71LZGuUh/52hqwXEZhCh16/huPSlWMz1MAwvXgDVvgCQbQMxBRGKLC3oKm0rJNAgXl8ITpu2SrXEKh5pdhMD5I3CIgr4N5amgs/qusqHQ2E9fkYwrWBS8pk9WoDlpc/I9mIflLaDuKCtbARqWZ2/6IaLTvPqjzm88F3Pt41ruR32HIAo8Ytlq01K16tn7gdWsOGfgsknal6hzgnudZo2zzrnt+0p0PBm32eBCmbKwX0Fvzo9V/dg2rWJ9csc9zZmfdmv+VfDcNHBxg91nk1Mk4N6Sjil+pMfAiBUxoDVQTguBENgzgfMm6Nz1Kpdt28zZmtuVG87VrBE+bn+WPBc9IWdtsgynjdub6PEo9GZeXlrWJsuXGjhM03qk3Vlr/LgmUt7xuI48CiLSpQj1Zv/60L9zUQTGXPi6JghO3rkmpoHVz2vRBz2bpvLJNOgpf9z0Bjfc7uoNdCH3Y0+sDYgMUMaGHU9BX0Z33XHn78sQcG+IqXD9+m+K91zvYh3SQiAEToHAeRP0k6yOxqowP3zfqrrrwJ4QdfExB831PAqt7xEdg4kxl5pAy5uWGsdVzD28Kmpd36K+HzW53tLlzIdLC1tlVRtoqHNvkKE9blj7e+xKrfU7tg8MOPz4HhcL4Hik2nULvKcA2lf/7LjqfX3frHzWNdd8byNLgYKmUwwwnKN1y8UgjI0nQCT7aa9Jfwr/eudiFzwvppNuPgQyvq79/zwrYn4urnFO4gwROE+Czk2uMI155F0bHqx10dN+qFblzhIpAvzc9oPFKn5qiyLvbmVu/552pnodt7PodgJG6FnTHrYXXOb7BhPemyvuS5OaOxZPYE59Gvxl/t/Awn5YQdLBbD9trGHCyHp6U4sFOC4uwXE4R7EDLGSxA1LsHL80Ne246n3+brBx5yGXvx+T8zMt4UdfnIOUOOmC3LJc8GMzTy9wcds8912vfb63OQFBiwabBr7qE3QXO2+Rz3hcNpna2XyP2TIEQmAtgfMk6HMu40mQCJooahbq1HL0Y8UlTYjuX1U3aaTVaDdvTYTNP4/FUogZYXxeEynHy/L86qHMrIAx7mUWtcGJxuVt7t6cNku/t3FlNl4AUe6rLG/X2Dw7cdQExnGFHxULMNbTt+pcPzfBaN3aPq56n4I6Bily4DHsTYCgGAcDHOcoTsCxscAJ+ziXji9X/a4V+tbe+NlgJwJiIkwtyQQxNdUD33TGs/WwNvBclw2y087zpRAIgeMJnCdB57K+x8wXnAvd/Dh3MFe1OemxcaF3NztrVoS7IDSBQfepKmUvCRyLZl1utcGAfXCdGxQQViljrhH3NHf5E5oo+szAoAfO+YHtwW+rEBBlleOUWRXcJvKYyE9/eB0ji5mHwt+ct/Q9TdZBrxYnmlnu+NgMXhyvaQ/HY96+N1a2FEFV3ngJeuNlUGNfedexGewIhEt515lv6B27U1vBvW2g6R5wz7sH3SMGbg9qKZGZL98RcL4WAnMQOOuCLqCqL0BCfIjhPhpLxEMwGHc7kZ82LvEfasLF+tQI3C1bCVjiZUAg+Gv8PqGUDieAqJeb9V3zkvLpBaR1l6YfT3P1joWV6/px4cvzHa33VQwMBuTHs4RFmxNez2PjVTA9oF9uU4F5XVQJcR/Q+NzcN/6OhSDfuA1CpuKsf8F7LPOxmQIQlT9djhVHle56Kt4+rmf6XE/A4E+gqCJMpm0M9sYYETEevFfudd6exDmsZ5otQmCvBM66oLP8iAtRNN+9SQT3SYASVm7nRzTBHaOyWSssdg8Wpoh5VnFPtxJAJLVHqhaLpzdueEu+jiut9b+xwLn1zWN3i3dcRc12BgG9hv1x58ZrYBDQi7sYHEirGwP8pB3drXUy9XhYcU5+sSbQTgqbnH3nIviPaGusNOfU13X3GVftaJn7TP6545kuymIqQ+38CMRJ7tTdv2uZXAWVDES7Nd4HlOJUVCR0/7vG3uc67c463wyBWQmcdUFnPajDTpT66mizAjqiMz9w3I/2zWpVjW2cZ+8pb8RdZDy3Mhe3QLptG3e9FCAiZz+jK5v7nDCKKN6kEV2Dh16FrltZ5rcJK3e7/bGSuem59Xsj9FZW42HQTDHY3gI0rDlNINvzW5lPefxdCFh3ozv2qOVYTS04xnG/m5xXttmdgEEpC1y2BBF3f7kXxoGWIMYfaIM4AzPXMkK+O/N8MwT2QuCsC/peoGzRKfd1//EzX07kBXmNokvcu8BzX1tURDQwkfdDuWkj3NzaLCjWvh9UVrOUuW2aKGSBeKYD+uIzSrASZXPrmmPj8h/n2AW4CXyStsfiHqcNuP15R6S2sd4MNGQb9BKu+u5R+ngJJBQlPW242G/afgkIaONOd08ZQLmWBl8e/TeBaBvw8cQIyGSNG6Am4G2/1ya9h8DOBCLoO6N7uy/2AjQEizWtnClx6hatL/gxJO7mnj3UbJcOxqq1eIto9XW1yaWnsZb94Aqi26WCmoh3gUzc4t267idEjFlrItxXNQMWgwpTHHLNzd0/u83ti2Lvzdxqd+8bgAj608zTEwjfnTYeF+78tPkJXKOJt3tSwCHxdq92L0rfI2+X6SIrpbHGiXgqvc1/PdJjCMxOIII+O9L/7bD/WPrB7JXRuDWllvUgPtuxsj38YHahF6hG2PtDHfV95PSa+5a+xmXOBU5gWdVy4sfCOkcRMhgg1Nzuq3L/BbV1i58XQclXngtCgcW0cbcLHBzL5+7n6lwYvcpEYH0bvN201Tlw73VLfKRgsMW7InBS/IfBYqzxC+M+yVmeIwIR9P1fzPFHlKD5cfUj6zFWUetHQuC7m94zVyfLV7EXeeqe+2NaLnbbs/HjTnSVeiWm5uJFns+RLibrQKqa82eRS3syZcAlP54rt7/5eB4Bno203QjIdFDwpz8Ei8pAmLrSe++mewQlegjI7Jb4PgaPu51RvhUCIbAVgQj6VrhOvDHe/QfWs8hzRVhY7iLaRbNPXeCjJe/Htlv1nuWCs+C74Is8VohGJTgV55ZszoNQqB+vccsTHfPvphVUv2MJ4uCYuXmPcvMveR6HuG/R56Y8TF+4d4i4waLBUx9Arlr0xvXAWKwCzwrPECGPiB/iVc4xhcCWBCLoWwKbeXM/uh5ErT9zhRN3xV08c9lPFy3ph2FOfhR4P8z9M6l8Xdw9T1+LbN/3D7k5cYF0SuH2qQZiLtjK31KIZP0NJSPBksLmwA3+PBsIms7pAu551f+yrAP5/zwkAh1NZ/T4jX1f+/Vnli1CIARmJRBBnxXnLJ0R9vGH2nvFWli33Kii0/ujV25btWPCPgr+qtfKucol57r38INvERmvBbv1z73edW5bKpSqd0Td/abevIp+u/Y3C+QD7IRIe7jWng3kPFzjfk+Mz6tOwSCN5a04kBRJ3psu4J4ToX6AFz6HFAJzEYigz0Vyv/10S378Qfda7jtx70JPNFl0Pc983VGx7rvwd8Ef309fm1vv4s6l73V/9EHA+FmvXifSX5U695tqfpssKbvu2M/a36WKiZkQgMgL04Xbs8d4jcfrfNz/qFRBOftE3LMI9THAMrniZ+0uyfGGwAkIRNBPAO8Avur6seanYuA94bBy2vu3xxXae6IiAG5Mp9v0VI4T++ngoG/bhZ5FTsg9uN37a9Ht3nuset0/8+w7PAiH0BT5EUlOqNWxN4ftvYdiQziLFzDoci36WuGrrtWq+e7pOYpEf2krVCQSXQxCnzbpIh4BP4Q7I8cQAgsRiKAvBP4UduvadvFY9dpnLMUuOMSHSHkeX/elXHc95OkgQD/9s/56+txdw6ue+2diBLrYE3qv55qTNz+tkI4Kd/25v+5Bi/ite+Df2W/KzxSI+gTSF7nMPVQbdI7TDIi40Delmu1C4AIgEEG/AC7yMac4Cn4Xni5SXYy8J/pEnqVJ9FmgLFKWKYvU8/RxVCDfXMRHsd+XsPX/j/H/5CT/M8SaVS12gWh7LSNBCpmHQi5jkOMo4HNxSz8hEALnlMBJfpzOKZKc1goCx4m9zaeWav+Mdd+FXnlR7ulxANBd1Lbprus+SOhlYw/1goghEFPgYRrAo78XOyDCnHATacJt+z4t0UV7jFvofzvU881xhUAIHDiBCPqBX6Azfnij0K8S/v73o/7mcy7vXi+/F0rxfvq6r9E9BzIpXZYEVdTHc394z9WvrYonGD8fxXucYpjj+NJHCIRACLwdgQh6boqzQOA4l/c+7+HRlT+dzz8L3HKMIRACFxCBff4YXkAYc6ohEAIhEAIhsCyBCPqy/LP3EAiBEAiBEJiFQAR9FozpJARCIARCIASWJRBBX5Z/9h4CIRACIRACsxCIoM+CMZ2EQAiEQAiEwLIEIujL8s/eQyAEQiAEQmAWAhH0WTCmkxAIgRAIgRBYlkAEfVn+2XsIhEAIhEAIzEIggj4LxnQSAiEQAiEQAssSiKAvyz97D4EQCIEQCIFZCETQZ8GYTkIgBEIgBEJgWQIR9GX5Z+8hEAIhEAIhMAuBCPosGNNJCIRACIRACCxLIIK+LP/sPQRCIARCIARmIRBBnwVjOgmBEAiBEAiBZQlE0Jfln72HQAiEQAiEwCwEIuizYEwnIRACIRACIbAsgQj6svyz9xAIgRAIgRCYhUAEfRaM6SQEQiAEQiAEliUQQV+Wf/YeAiEQAiEQArMQiKDPgjGdhEAIhEAIhMCyBCLoy/LP3kMgBEIgBEJgFgIR9FkwppMQCIEQCIEQWJZABH1Z/tl7CIRACIRACMxCIII+C8Z0EgIhEAIhEALLEoigL8s/ew+BEAiBEAiBWQhE0GfBmE5CIARCIARCYFkCEfRl+WfvIRACIRACITALgQj6LBjTSQiEQAiEQAgsSyCCviz/7D0EQiAEQiAEZiEQQZ8FYzoJgRAIgRAIgWUJRNCX5Z+9h0AIhEAIhMAsBAxJEtAAAAIvSURBVCLos2BMJyEQAiEQAiGwLIEI+rL8s/cQCIEQCIEQmIVABH0WjOkkBEIgBEIgBJYlEEFfln/2HgIhEAIhEAKzEIigz4IxnYRACIRACITAsgQi6Mvyz95DIARCIARCYBYCEfRZMKaTEAiBEAiBEFiWQAR9Wf7ZewiEQAiEQAjMQiCCPgvGdBICIRACIRACyxKIoC/LP3sPgRAIgRAIgVkIRNBnwZhOQiAEQiAEQmBZAhH0Zfln7yEQAiEQAiEwC4EI+iwY00kIhEAIhEAILEsggr4s/+w9BEIgBEIgBGYhEEGfBWM6CYEQCIEQCIFlCUTQl+WfvYdACIRACITALAQi6LNgTCchEAIhEAIhsCyBCPqy/LP3EAiBEAiBEJiFQAR9FozpJARCIARCIASWJRBBX5Z/9h4CIRACIRACsxCIoM+CMZ2EQAiEQAiEwLIEIujL8s/eQyAEQiAEQmAWAhH0WTCmkxAIgRAIgRBYlkAEfVn+2XsIhEAIhEAIzEIggj4LxnQSAiEQAiEQAssSiKAvyz97D4EQCIEQCIFZCETQZ8GYTkIgBEIgBEJgWQIR9GX5Z+8hEAIhEAIhMAuBCPosGNNJCIRACIRACCxLIIK+LP/sPQRCIARCIARmIRBBnwVjOgmBEAiBEAiBZQlE0Jfln72HQAiEQAiEwCwEIuizYEwnIRACIRACIbAsgQj6svyz9xAIgRAIgRCYhUAEfRaM6SQEQiAEQiAEliXwP4d5+9if8Y7+AAAAAElFTkSuQmCC', 'e516eddb9cf827288495d01983ad52c2', '2019-03-21', '2019-03-21', 0, '', '', '', '');

--
-- Indexes for dumped tables
--

--
-- Indexes for table `tb_configuracoes`
--
ALTER TABLE `tb_configuracoes`
  ADD PRIMARY KEY (`idConfiguracoes`);

--
-- Indexes for table `tb_equipe`
--
ALTER TABLE `tb_equipe`
  ADD PRIMARY KEY (`idEquipe`);

--
-- Indexes for table `tb_membro`
--
ALTER TABLE `tb_membro`
  ADD PRIMARY KEY (`idMembro`);

--
-- Indexes for table `tb_usuario`
--
ALTER TABLE `tb_usuario`
  ADD PRIMARY KEY (`idUsuario`);

--
-- AUTO_INCREMENT for dumped tables
--

--
-- AUTO_INCREMENT for table `tb_configuracoes`
--
ALTER TABLE `tb_configuracoes`
  MODIFY `idConfiguracoes` smallint(11) NOT NULL AUTO_INCREMENT, AUTO_INCREMENT=31;

--
-- AUTO_INCREMENT for table `tb_equipe`
--
ALTER TABLE `tb_equipe`
  MODIFY `idEquipe` smallint(11) NOT NULL AUTO_INCREMENT, AUTO_INCREMENT=21;

--
-- AUTO_INCREMENT for table `tb_membro`
--
ALTER TABLE `tb_membro`
  MODIFY `idMembro` smallint(11) NOT NULL AUTO_INCREMENT, AUTO_INCREMENT=38;

--
-- AUTO_INCREMENT for table `tb_usuario`
--
ALTER TABLE `tb_usuario`
  MODIFY `idUsuario` smallint(11) NOT NULL AUTO_INCREMENT, AUTO_INCREMENT=12;
COMMIT;

/*!40101 SET CHARACTER_SET_CLIENT=@OLD_CHARACTER_SET_CLIENT */;
/*!40101 SET CHARACTER_SET_RESULTS=@OLD_CHARACTER_SET_RESULTS */;
/*!40101 SET COLLATION_CONNECTION=@OLD_COLLATION_CONNECTION */;
